comapny_name,employee,founded_year,hourly_rate,location,min_project_size,rating
"
Innovative Architects ",50 - 249,2005,$100 - $149 / hr,"
,Duluth, GA ","$10,000+",
"
Arbela Technologies ",Oct-49,2002,$150 - $199 / hr,"
,Irvine, CA ","$5,000+",
"
Equal Experts ",250 - 999,2007,$200 - $300 / hr,"
 ,London, United Kingdom ","$25,000+",
"
Comminus ",Oct-49,2004,Undisclosed,"
,Zagreb, Croatia ","$25,000+","4.0,4.0"
"
PieSoft ",50 - 249,2012,< $25 / hr,"
,Reston, VA ","$5,000+","4.8,4.8"
"
greetgo! LLC ",Oct-49,2008,$25 - $49 / hr,"
,Almaty, Kazakhstan ","$25,000+","5.0,5.0"
"
Broscorp ",9-Feb,2016,$25 - $49 / hr,"
,Dnipro, Ukraine ","$1,000+","4.8,4.8"
"
Qualex Consulting Services ",50 - 249,1995,$100 - $149 / hr,"
,Miami, FL ","$25,000+","4.5,4.5"
"
47Billion ",50 - 249,2014,$25 - $49 / hr,"
,Bangalore, India ","$5,000+","4.9,4.9"
"
BIX Technology ",Oct-49,2012,$50 - $99 / hr,"
,Florianópolis, Brazil ","$5,000+","5.0,5.0"
"
HYR Global Source ",50 - 249,2013,Undisclosed,"
,Overland Park, KS ",Undisclosed,
"
COCUS AG ",50 - 249,2001,Undisclosed,"
,Düsseldorf, Germany ",Undisclosed,
"
NetAngelS ",Oct-49,2007,$25 - $49 / hr,"
,Tallinn, Estonia ","$1,000+",
"
Consulthink S.p.A. ",Oct-49,2004,$150 - $199 / hr,"
,Rome, Italy ","$10,000+",
"
Logic Studio ",50 - 249,2003,Undisclosed,"
,Panama City, Panama ",Undisclosed,
"
Hiscall, Inc. ",50 - 249,1996,Undisclosed,"
,Dickson, TN ",Undisclosed,
"
Concept Technology Inc. ",50 - 249,2003,Undisclosed,"
,Nashville, TN ",Undisclosed,
"
InfoSystems, Inc. ",50 - 249,1994,Undisclosed,"
,Chattanooga, TN ",Undisclosed,
"
Nextlink Technology ",50 - 249,2006,Undisclosed,"
,Taipei City, Taiwan ",Undisclosed,
"
SMAP Energy ",Oct-49,2016,Undisclosed,"
 ,London, United Kingdom ",Undisclosed,
"
Sysman Progetti & Servizi ",Oct-49,1994,$150 - $199 / hr,"
,Mesagne, Italy ","$10,000+",
"
Proxation GmbH ",Oct-49,2013,$100 - $149 / hr,"
,Munich, Germany ","$5,000+",
"
Boxfusion Consulting ",Oct-49,2010,$100 - $149 / hr,"
,London, United Kingdom ","$5,000+",
"
Flatworld EDGE ",Oct-49,2004,< $25 / hr,"
,BANGALORE, India ","$5,000+",
"
North Point Technology ",Oct-49,2005,$150 - $199 / hr,"
,Reston, VA ","$25,000+",
"
Metafused ",9-Feb,2014,Undisclosed,"
,London, United Kingdom ",Undisclosed,
"
AIKnights.com ",9-Feb,2018,$50 - $99 / hr,"
,Alpharetta, GA ","$10,000+",
"
Bbox Communication ",9-Feb,2002,$100 - $149 / hr,"
,Milan, Italy ","$10,000+",
"
Muoro ",9-Feb,2016,$25 - $49 / hr,"
,New York, NY ","$25,000+",
"
Bromsbury Consulting ",9-Feb,2016,$50 - $99 / hr,"
,Bromley, United Kingdom ","$1,000+",
"
Electric Brain ",9-Feb,2016,Undisclosed,"
,Toronto, Canada ",Undisclosed,
"
Metametrics ",9-Feb,2005,Undisclosed,"
,Bristol, United Kingdom ",Undisclosed,
"
GLESEC GROUP ",9-Feb,2003,Undisclosed,"
,Princeton, NJ ",Undisclosed,
"
GlobalBit S.A.S ",Oct-49,2010,$150 - $199 / hr,"
,Medellin, Colombia ","$10,000+",
"
Conflux Systems ",Oct-49,2007,Undisclosed,"
,Alpharetta, GA ",Undisclosed,
"
Sunbridge Software Services Pvt. Ltd. ",Oct-49,2006,$50 - $99 / hr,"
,Pune, India ","$1,000+",
"
Ascension Strategy ",Oct-49,2003,Undisclosed,"
,Atlanta, GA ",Undisclosed,
"
Code Desk ",Oct-49,2010,$100 - $149 / hr,"
,Dagenham, United Kingdom ","$10,000+",
"
Domain5 ",Oct-49,2012,Undisclosed,"
,Columbia, MD ",Undisclosed,
"
MSA Careers & Consulting ",9-Feb,2005,Undisclosed,"
,West Birmingham, United Kingdom ",Undisclosed,
"
GWTI ",9-Feb,2008,Undisclosed,"
,São Paulo, Brazil ",Undisclosed,
"
Front Four Group ",9-Feb,2007,$25 - $49 / hr,"
,Wakefield, MA ","$10,000+",
"
Polaris Systems Inc ",9-Feb,1998,Undisclosed,"
,Greensboro, NC ",Undisclosed,
"
2021.AI ",50 - 249,2016,$150 - $199 / hr,"
,Copenhagen, Denmark ","$25,000+",
"
KSM Consulting ",50 - 249,2008,Undisclosed,"
,Indianapolis, IN ",Undisclosed,
"
Apollogic ",50 - 249,2007,Undisclosed,"
,Poznań, Poland ",Undisclosed,
"
Red Brick Road ",50 - 249,2006,$150 - $199 / hr,"
,London, United Kingdom ","$10,000+",
"
RealSoft ",50 - 249,2002,$100 - $149 / hr,"
,Amman, Jordan ","$10,000+",
"
Modyo Chile ",50 - 249,2008,Undisclosed,"
,Santiago, Chile ",Undisclosed,
"
Engine Lab Software ",Oct-49,2013,Undisclosed,"
,Longford, Ireland ",Undisclosed,
"
Lehigh Valley Technology Company ",Oct-49,2005,Undisclosed,"
,Bethlehem, PA ",Undisclosed,
"
Kaft ",Oct-49,2012,$25 - $49 / hr,"
,Warsaw, Poland ","$10,000+",
"
Archybility Software Development ",9-Feb,2016,$25 - $49 / hr,"
,Beograd, Serbia ","$1,000+",
"
Icon Resources & Technologies ",50 - 249,1999,Undisclosed,"
,Singapore, Singapore ",Undisclosed,
"
JDC Group ",50 - 249,2005,$100 - $149 / hr,"
,Atlanta, GA ","$5,000+",
"
Exage S.p.A. ",50 - 249,2016,$150 - $199 / hr,"
,Milan, Italy ","$10,000+",
"
Data World ",50 - 249,1995,Undisclosed,"
,, ",Undisclosed,
"
SafeNet ",50 - 249,1994,Undisclosed,"
 ,Minnetonka, MN ",Undisclosed,
"
Mike Collins & Associates (MCA) ",50 - 249,1987,Undisclosed,"
,Chattanooga, TN ",Undisclosed,
"
DecisivEdge, LLC ",50 - 249,2007,Undisclosed,"
,Newark, DE ",Undisclosed,
"
Quality Software ",50 - 249,1989,$25 - $49 / hr,"
,São Paulo, Brazil ","$5,000+",
"
UKN Group ",50 - 249,1997,$100 - $149 / hr,"
,Chineham, United Kingdom ","$5,000+",
"
Craterzone pvt ltd ",50 - 249,2013,< $25 / hr,"
,Noida, India ",Undisclosed,
"
Envion Software ",50 - 249,1984,$50 - $99 / hr,"
,Boston, MA ","$250,000+",
"
OPS Consulting ",50 - 249,1999,$150 - $199 / hr,"
,Hanover, MD ","$25,000+",
"
Edsson ",50 - 249,2008,$25 - $49 / hr,"
,Kyiv, Ukraine ","$1,000+",
"
Sciant ",50 - 249,2016,$25 - $49 / hr,"
,Sofia, Bulgaria ","$10,000+",
"
Source Corp ",50 - 249,1999,Undisclosed,"
,Wilmington, DE ",Undisclosed,
"
Cybele Software, Inc. ",Oct-49,2002,Undisclosed,"
,Wilmington, DE ",Undisclosed,
"
ZEPCOM ",Oct-49,2008,$25 - $49 / hr,"
,Karachi, Pakistan ","$1,000+",
"
Network Technologies, Inc. ",Oct-49,1993,Undisclosed,"
,Olathe, KS ",Undisclosed,
"
SysEne Consulting Inc. ",9-Feb,2015,Undisclosed,"
,Vancouver, Canada ",Undisclosed,
"
Cubex Systems ",9-Feb,2017,$100 - $149 / hr,"
,Melbourne, Australia ","$50,000+",
"
Mitosis Technologies ",50 - 249,2013,Undisclosed,"
,Chennai, India ",Undisclosed,
"
Intellifusion ",50 - 249,2014,$50 - $99 / hr,"
,Shenzhen, China ","$5,000+",
"
fram^ ",50 - 249,2013,$150 - $199 / hr,"
,Ho Chi Minh City, Vietnam ","$10,000+",
"
A.I.M.S. Technology ",50 - 249,2011,$25 - $49 / hr,"
,Amravati, India ","$5,000+",
"
Invento Labs LLC ",50 - 249,2009,$25 - $49 / hr,"
,Minsk, Belarus ","$25,000+",
"
BUNCH ",50 - 249,2017,Undisclosed,"
,Makati, Philippines ","$1,000+",
"
Razor Consulting Solutions ",50 - 249,2010,Undisclosed,"
,Fargo, ND, ND ",Undisclosed,
"
Springbord ",50 - 249,2016,Undisclosed,"
,Las vegas, NV ",Undisclosed,
"
Sedin Technologies ",50 - 249,2006,$25 - $49 / hr,"
,Chennai, India ","$10,000+",
"
EXP Agency ",Oct-49,2000,Undisclosed,"
,Johannesburg, South Africa ",Undisclosed,
"
PARTY ",Oct-49,2011,$100 - $149 / hr,"
,Tokyo, Japan ","$5,000+",
"
Erdos Technologies ",Oct-49,2016,Undisclosed,"
,New York, NY ","$5,000+",
"
Aspgems ",Oct-49,2006,$25 - $49 / hr,"
,Madrid, Spain ","$5,000+",
"
HellaStorm, Inc. ",Oct-49,2012,Undisclosed,"
,Alpharetta, GA ",Undisclosed,
"
SolGenie ",Oct-49,2007,Undisclosed,"
,Norcross, GA ",Undisclosed,
"
Computer Services Ltd. ",50 - 249,1987,Undisclosed,"
,Dhaka, Bangladesh ",Undisclosed,
"
eGeneration ",50 - 249,2003,Undisclosed,"
,Dhaka, Bangladesh ",Undisclosed,
"
Atom AP Limited ",50 - 249,2015,Undisclosed,"
,Dhaka, Bangladesh ",Undisclosed,
"
Expert Systems Holdings Limited ",50 - 249,1994,$100 - $149 / hr,"
,Kwun Tong, Hong Kong S.A.R., China ","$5,000+",
"
SOIN ",50 - 249,2015,Undisclosed,"
,San José, Costa Rica ",Undisclosed,
"
UTH International ",50 - 249,2012,$50 - $99 / hr,"
,Shanghai, China ","$1,000+",
"
data edge limited ",50 - 249,2002,Undisclosed,"
,Dhaka, Bangladesh ","$25,000+",
"
Wunderman Phantasia ",50 - 249,1998,$100 - $149 / hr,"
,Lima, Peru ","$10,000+",
"
RAS Infotech ",50 - 249,2000,Undisclosed,"
,Dubai, United Arab Emirates ","$1,000+",
"
Tallgrass Technologies ",50 - 249,1987,Undisclosed,"
,Lenexa, KS ",Undisclosed,
"
Altus ",50 - 249,2014,Undisclosed,"
,Brentwood, TN ",Undisclosed,
"
SETEL UC ",50 - 249,1974,Undisclosed,"
,Brentwood, TN ",Undisclosed,
"
Cepra ",50 - 249,1989,Undisclosed,"
,, Mexico ",Undisclosed,
"
Business Data Miners ",9-Feb,2009,$200 - $300 / hr,"
,Weston, MA ","$5,000+","4.7,4.7"
"
3Q Digital ",250 - 999,2008,Undisclosed,"
,San Mateo, CA ","$50,000+","4.8,4.8"
"
Cartesian Consulting ",50 - 249,2009,$25 - $49 / hr,"
,Mumbai, India ","$10,000+","5.0,5.0"
"
Keyrus ","1,000 - 9,999",1996,$150 - $199 / hr,"
,New York, NY ","$25,000+","4.6,4.6"
"
Clairvoyant ",250 - 999,2012,$100 - $149 / hr,"
,Chandler, AZ ","$50,000+","4.8,4.8"
"
Pinnacle Solutions ",Oct-49,1996,$100 - $149 / hr,"
,Indianapolis, IN ","$10,000+","4.8,4.8"
"
Periscope (Formerly Anthem Marketing Solutions) ",250 - 999,2004,$150 - $199 / hr,"
,Chicago, IL ","$10,000+","5.0,5.0"
"
Treselle Systems ",50 - 249,2004,$25 - $49 / hr,"
,Chennai, India ","$5,000+","5.0,5.0"
"
Rudder Analytics ",Oct-49,2015,$25 - $49 / hr,"
,Pune, India ","$10,000+","5.0,5.0"
"
LatentView Analytics ",250 - 999,2006,$150 - $199 / hr,"
,Princeton, NJ ","$1,000+","4.5,4.5"
"
Indium Software ",250 - 999,1999,< $25 / hr,"
,Princeton, NJ ",Undisclosed,"4.7,4.7"
"
GetInData ",Oct-49,2014,$50 - $99 / hr,"
,Warsaw, Poland  ","$5,000+","4.9,4.9"
"
Brightblue Consulting ",Oct-49,2012,$150 - $199 / hr,"
,London, United Kingdom ","$10,000+","4.4,4.4"
"
Beyond Analysis ",Oct-49,2007,$100 - $149 / hr,"
,Wimbledon, United Kingdom ","$25,000+","4.7,4.7"
"
Altar.io ",Oct-49,2015,$100 - $149 / hr,"
,Lisboa, Portugal ","$25,000+","4.8,4.8"
"
Denologix ",50 - 249,2002,$150 - $199 / hr,"
,Toronto, Canada ","$10,000+","4.5,4.5"
"
VISUAL BI SOLUTIONS ",250 - 999,2010,$150 - $199 / hr,"
,Plano, TX ","$5,000+","4.5,4.5"
"
Kavi Global ",Oct-49,2008,$150 - $199 / hr,"
,Barrington, IL ","$10,000+","4.8,4.8"
"
Caserta ",Oct-49,2001,Undisclosed,"
,New York, NY ","$75,000+","4.6,4.6"
"
Krish Compusoft Services Inc. ",250 - 999,2001,$25 - $49 / hr,"
,Iselin, NJ ","$100,000+","5.0,5.0"
"
enautics ",Oct-49,2005,$200 - $300 / hr,"
,Austin, TX ","$50,000+","5.0,5.0"
"
Affirma Consulting ",250 - 999,2001,$100 - $149 / hr,"
,Bellevue, WA ","$5,000+","4.7,4.7"
"
RapidOps, Inc. ",50 - 249,2008,$25 - $49 / hr,"
,Charlotte, NC ","$5,000+","4.9,4.9"
"
ThirdEye Data ",50 - 249,2010,$50 - $99 / hr,"
,Santa Clara, CA ","$25,000+","4.7,4.7"
"
RiskIQ ",50 - 249,2009,$150 - $199 / hr,"
,San Francisco, CA ","$5,000+","5.0,5.0"
"
Virtuozzo ",250 - 999,1999,$300+ / hr,"
,Bellevue,, WA ","$50,000+","5.0,5.0"
"
Datamum ",Freelancer,2011,$150 - $199 / hr,"
,Cordova, TN ","$5,000+","5.0,5.0"
"
SoftwareMill ",50 - 249,2009,$50 - $99 / hr,"
,Warsaw, Poland ","$10,000+","5.0,5.0"
"
DataSelf ",9-Feb,2005,$150 - $199 / hr,"
,San Jose, CA ","$5,000+","4.5,4.5"
"
DM STAT-1 Consulting ",9-Feb,1994,$100 - $149 / hr,"
,North Woodmere, NY ","$5,000+","4.7,4.7"
"
Nevron Software ",Oct-49,1998,$50 - $99 / hr,"
,Sofia, Bulgaria ","$5,000+","4.8,4.8"
"
DataLab USA ",50 - 249,1979,$150 - $199 / hr,"
,Germantown, MD ","$1,000+","5.0,5.0"
"
Prime TSR ",50 - 249,2013,Undisclosed,"
,Chicago, IL ",Undisclosed,"5.0,5.0"
"
Softweb Solutions ",250 - 999,2006,$150 - $199 / hr,"
,Elgin, ","$50,000+","5.0,5.0"
"
51zero ",9-Feb,2009,$200 - $300 / hr,"
,London, United Kingdom ","$50,000+","5.0,5.0"
"
PwC Data Analytics ","10,000+",1998,Undisclosed,"
,Warsaw, Poland ","$25,000+",
"
Logikview Analytics ",Oct-49,2016,$25 - $49 / hr,"
,indore, India ","$5,000+","5.0,5.0"
"
TogetherData ",50 - 249,2016,$150 - $199 / hr,"
,Warsaw, Poland ","$10,000+","5.0,5.0"
"
Maestro Technologies ",Oct-49,2003,$100 - $149 / hr,"
,Edison, NJ ","$10,000+","5.0,5.0"
"
Crystalloids ",Oct-49,2006,$100 - $149 / hr,"
,Amsterdam-Duivendrecht, Netherlands ","$1,000+","5.0,5.0"
"
FULLeSTOP ",50 - 249,2001,< $25 / hr,"
,Jaipur, India ","$5,000+","4.8,4.8"
"
The Dayhuff Group ",50 - 249,1997,$150 - $199 / hr,"
,Columbus, OH ",Undisclosed,"4.7,4.7"
"
Klardata ",Freelancer,2017,$100 - $149 / hr,"
,San Francisco, CA ","$1,000+","4.0,4.0"
"
The APP Solutions ",50 - 249,2013,$50 - $99 / hr,"
,Kyiv, Ukraine ","$5,000+","4.9,4.9"
"
Whites Agency ",50 - 249,2012,$50 - $99 / hr,"
,Warsaw, Poland ","$5,000+","4.5,4.5"
"
JEVERA (ex. JBS, LLC) ",50 - 249,2009,$25 - $49 / hr,"
,Chaiky, Ukraine ","$10,000+","5.0,5.0"
"
Appsbee Software LLC ",50 - 249,2010,$25 - $49 / hr,"
,Lehi, UT ","$10,000+","5.0,5.0"
"
Havooz ICT Services ",9-Feb,2011,$25 - $49 / hr,"
,Istanbul / Umraniye, Turkey ",Undisclosed,"5.0,5.0"
"
Data Reply ",Oct-49,2015,$100 - $149 / hr,"
,London, United Kingdom ","$5,000+","4.3,4.3"
"
Dexlock ",50 - 249,2012,$50 - $99 / hr,"
,Kochi, India ","$25,000+","4.6,4.6"
"
SCI-BI ",Oct-49,2012,< $25 / hr,"
,Chennai, India ","$10,000+","5.0,5.0"
"
Knoldus Inc. ",50 - 249,2010,$50 - $99 / hr,"
,Mississauga, Canada ","$25,000+","4.8,4.8"
"
NeenOpal Intelligent Solutions ",Oct-49,2016,$50 - $99 / hr,"
,New York, NY ","$10,000+","5.0,5.0"
"
HatchWorks Technologies ",50 - 249,2016,$100 - $149 / hr,"
,Atlanta, GA ","$25,000+","4.9,4.9"
"
SmartCat ",Oct-49,2015,$50 - $99 / hr,"
,Novi Sad, Serbia ","$5,000+","5.0,5.0"
"
DataLabs ",Oct-49,2015,$50 - $99 / hr,"
,Dnipro, Ukraine ","$5,000+","4.5,4.5"
"
ITRex Group ",50 - 249,2009,$25 - $49 / hr,"
,Minsk, Belarus ","$10,000+","4.9,4.9"
"
Leale Solutions ",Oct-49,2007,$25 - $49 / hr,"
,Boca Raton, FL ","$5,000+","5.0,5.0"
"
Codete ",50 - 249,2010,$50 - $99 / hr,"
,Berlin, Germany ","$50,000+","4.7,4.7"
"
ValueLabs ","1,000 - 9,999",1997,Undisclosed,"
,Hyderabad, India ",Undisclosed,"4.3,4.3"
"
MOST Programming ",9-Feb,2016,Undisclosed,"
,Denver, CO ","$1,000+","4.8,4.8"
"
Techmango Technology Services Private Limited ",50 - 249,2014,$25 - $49 / hr,"
,Madurai, India ","$1,000+","5.0,5.0"
"
Actiknow Consulting Private Limited ",50 - 249,2011,$25 - $49 / hr,"
,New Delhi, India ","$10,000+","5.0,5.0"
"
FreshCode ",50 - 249,2014,$25 - $49 / hr,"
,Zaporizhzhya, Ukraine ","$10,000+","4.9,4.9"
"
Light IT ",50 - 249,2006,$25 - $49 / hr,"
,Zaporizhzhia, Ukraine ","$5,000+","4.9,4.9"
"
Pegasus One ",50 - 249,2004,$25 - $49 / hr,"
,Fullerton, CA ","$10,000+","4.9,4.9"
"
Predica ",50 - 249,2009,$50 - $99 / hr,"
,Warsaw, Poland ","$5,000+","4.5,4.5"
"
Aptitive ",Oct-49,2013,$150 - $199 / hr,"
,Chicago, IL ","$5,000+","4.5,4.5"
"
VRP Consulting ",250 - 999,1998,$50 - $99 / hr,"
,San Francisco, CA ","$5,000+","4.8,4.8"
"
Unique Software Development LLC ",50 - 249,2012,$50 - $99 / hr,"
,Dallas, TX ","$25,000+","5.0,5.0"
"
OrangeMantra ",50 - 249,2001,< $25 / hr,"
,Gurgaon, India ","$5,000+","5.0,5.0"
"
Analytiks ",9-Feb,2017,$50 - $99 / hr,"
,Seattle, WA ","$1,000+","5.0,5.0"
"
Addepto ",Oct-49,2017,$25 - $49 / hr,"
,Warsaw, Poland ","$5,000+","5.0,5.0"
"
Saviant Consulting ",50 - 249,2012,Undisclosed,"
,Pune, India ",Undisclosed,"4.8,4.8"
"
Technofox Solution ",Oct-49,2014,$25 - $49 / hr,"
,philadelphia, PA ","$10,000+","4.8,4.8"
"
Massive Insights Inc. ",Oct-49,2012,Undisclosed,"
,Toronto, Canada ",Undisclosed,"4.5,4.5"
"
Tech9 ",Oct-49,2015,$50 - $99 / hr,"
,Draper, UT ","$5,000+","4.9,4.9"
"
KiZAN Technologies ",50 - 249,1991,$150 - $199 / hr,"
,Louisville, KY ","$5,000+","5.0,5.0"
"
Utegration ",50 - 249,2008,$150 - $199 / hr,"
,Houston, TX ","$1,000+","5.0,5.0"
"
Brainspire Solutions ",Oct-49,2013,$100 - $149 / hr,"
,Parker, CO ","$25,000+","5.0,5.0"
"
AM-BITS ",Oct-49,2016,$25 - $49 / hr,"
,Kiev, Ukraine ","$10,000+","5.0,5.0"
"
Traction Consulting Group - TractionCRM.com ",Oct-49,1999,$150 - $199 / hr,"
,Wixom, MI ",Undisclosed,"4.9,4.9"
"
DOIT Software ",Oct-49,2014,$25 - $49 / hr,"
,Boston, MA ","$5,000+","4.8,4.8"
"
Dataforest ",Oct-49,2018,$25 - $49 / hr,"
,Kiev, Ukraine ","$5,000+","5.0,5.0"
"
Ideas2IT Technologies ",50 - 249,2008,$25 - $49 / hr,"
,Chennai, India ","$5,000+","4.7,4.7"
"
Rock Your Data ",9-Feb,2017,$150 - $199 / hr,"
,Vancouver, Canada ","$1,000+","5.0,5.0"
"
DataEngi ",Oct-49,2017,$50 - $99 / hr,"
,Vilnius, Lithuania ","$10,000+","5.0,5.0"
"
Arcane Future ",9-Feb,2018,$25 - $49 / hr,"
,Kiev, Ukraine ","$1,000+","5.0,5.0"
"
SoftElegance ",Oct-49,1993,$25 - $49 / hr,"
,Kyiv, Ukraine ","$10,000+","4.6,4.6"
"
Quatrro ",250 - 999,2013,< $25 / hr,"
,Marietta, GA ","$1,000+","4.1,4.1"
"
Analytics-Based Performance Management ",Freelancer,2012,$200 - $300 / hr,"
,Cary, NC ","$5,000+","5.0,5.0"
"
Maruti Techlabs ",50 - 249,2009,$25 - $49 / hr,"
,Ahmedabad, India ","$5,000+","4.9,4.9"
"
Algoscale Technologies, Inc. ",Oct-49,2014,< $25 / hr,"
,Noida, India ","$5,000+","4.5,4.5"
"
Margasoft Corp. ",Oct-49,2005,$50 - $99 / hr,"
,Burbank, CA ","$10,000+","4.8,4.8"
"
Cobra Legal Solutions ",50 - 249,2007,< $25 / hr,"
,Austin, TX ","$1,000+","5.0,5.0"
"
Joss Technology (Acquired by AIM Software) ",9-Feb,2010,$150 - $199 / hr,"
,New York, NY ",Undisclosed,"5.0,5.0"
"
Perfsys ",50 - 249,2013,$25 - $49 / hr,"
,Tallinn, Estonia ","$1,000+","5.0,5.0"
"
NobleSoft ",Oct-49,2012,$50 - $99 / hr,"
,Poznań, Poland ","$25,000+","4.8,4.8"
"
ElkanIO Research Labs ",9-Feb,2017,< $25 / hr,"
,Cochin, India ","$5,000+","4.8,4.8"
"
GroupBWT ",Oct-49,2009,$25 - $49 / hr,"
,Zaporizhia, Ukraine ","$5,000+","4.8,4.8"
"
EdgeCase Technology ",50 - 249,2015,$25 - $49 / hr,"
,Berlin, Germany ","$10,000+","5.0,5.0"
"
Sigmoidal ",Oct-49,2016,$50 - $99 / hr,"
,New York, NY ","$1,000+","5.0,5.0"
"
Soren Innovations ",9-Feb,2008,$150 - $199 / hr,"
,Salt Lake City, UT ","$5,000+","5.0,5.0"
"
Global Infonet ",Oct-49,2001,Undisclosed,"
,Jacksonville, FL ",Undisclosed,"5.0,5.0"
"
NthDimenzion Solutions ",Oct-49,2007,$25 - $49 / hr,"
,Bangalore, India ",Undisclosed,"4.4,4.4"
"
InsightWhale ",Oct-49,2016,$50 - $99 / hr,"
,Moscow, Russia ","$1,000+","4.8,4.8"
"
Intellectyx Inc ",50 - 249,2008,$25 - $49 / hr,"
,Denver, CO ","$25,000+","4.8,4.8"
"
Graphics Zoo ",50 - 249,2010,$50 - $99 / hr,"
,Sugar Land, TX ","$1,000+","5.0,5.0"
"
VITech ",50 - 249,2008,$25 - $49 / hr,"
,Lviv, Ukraine ","$50,000+","4.7,4.7"
"
GEON Analytics ",Oct-49,2015,$100 - $149 / hr,"
,San Antonio, TX ","$5,000+","5.0,5.0"
"
Cycloides ",50 - 249,2013,$25 - $49 / hr,"
,Mississauga, Canada ","$10,000+","4.5,4.5"
"
Treehouse Technology Group ",9-Feb,2014,Undisclosed,"
,Manchester, NH ","$1,000+","5.0,5.0"
"
App Annie ",250 - 999,2010,$100 - $149 / hr,"
,San Francisco, CA ","$5,000+",
"
Codeheroes ",9-Feb,2015,$50 - $99 / hr,"
,Kraków, Poland ",Undisclosed,"5.0,5.0"
"
StackBoost ",9-Feb,2019,$100 - $149 / hr,"
,New York, NY ","$5,000+","5.0,5.0"
"
Multisistemas ",9-Feb,2011,$25 - $49 / hr,"
,Santa Tecla, El Salvador ","$5,000+","4.5,4.5"
"
noBSdigital ",Freelancer,2018,$100 - $149 / hr,"
,Toronto, Canada ","$1,000+","4.3,4.3"
"
MindCraft ",Oct-49,2017,$50 - $99 / hr,"
,Lviv, Ukraine ","$1,000+","5.0,5.0"
"
Telexar ",Oct-49,2017,< $25 / hr,"
,Colombo, Sri Lanka ","$1,000+","4.9,4.9"
"
Visata ",Oct-49,2016,< $25 / hr,"
,Vilnius, Lithuania ","$5,000+","5.0,5.0"
"
HiFX IT & Media Services ",50 - 249,2001,$25 - $49 / hr,"
,Cochin, India ","$10,000+","5.0,5.0"
"
Liquid Technologies ",9-Feb,2017,< $25 / hr,"
,Karachi, Pakistan ","$1,000+","5.0,5.0"
"
VirtusLab ",50 - 249,2009,$100 - $149 / hr,"
,Kraków, Poland ","$10,000+","4.1,4.1"
"
Dressler Consulting ",50 - 249,2003,Undisclosed,"
,Merrick, NY ","$75,000+","4.5,4.5"
"
Smart Design ",Oct-49,2009,$25 - $49 / hr,"
,St Petersburg, Russia ","$10,000+","4.8,4.8"
"
Semantive ",Oct-49,2012,$50 - $99 / hr,"
,Warszawa, Poland ","$10,000+","4.5,4.5"
"
CodeBerry Solutions ",9-Feb,2017,$25 - $49 / hr,"
,Sanford, NC ","$5,000+","5.0,5.0"
"
Napal Innovation ",9-Feb,2016,$50 - $99 / hr,"
,Paris, France ","$5,000+","5.0,5.0"
"
Lemay.ai ",Oct-49,2016,$200 - $300 / hr,"
,Ottawa, ON, Canada ","$25,000+","4.8,4.8"
"
Allomate Solutions ",Oct-49,2017,$25 - $49 / hr,"
,Lahore, Pakistan ","$5,000+","4.5,4.5"
"
Evgsoft ",9-Feb,2014,$25 - $49 / hr,"
,Chicago, IL ","$1,000+","5.0,5.0"
"
Happiest Minds Technologies ","1,000 - 9,999",2011,$50 - $99 / hr,"
,Bengaluru, India ","$5,000+","4.5,4.5"
"
Securonix ",250 - 999,2007,$150 - $199 / hr,"
,Addison, TX ","$10,000+",
"
CIGNEX Datamatics ",250 - 999,2000,Undisclosed,"
,Ahmedabad, India ",Undisclosed,
"
Blacklight Solutions ",9-Feb,2009,$150 - $199 / hr,"
,Austin, TX ",Undisclosed,
"
NorthBay ",250 - 999,2007,$50 - $99 / hr,"
,Boston, MA ",Undisclosed,"5.0,5.0"
"
Kroll ","1,000 - 9,999",1972,$150 - $199 / hr,"
,New York, NY ","$5,000+",
"
CapTech ",250 - 999,1997,$100 - $149 / hr,"
,Richmond, VA ","$10,000+",
"
SOFTVAN ",50 - 249,2014,$25 - $49 / hr,"
,Ahmedabad, India ","$5,000+",
"
AMULET Analytics ",Freelancer,2012,$50 - $99 / hr,"
,Los Angeles, CA ",Undisclosed,
"
NFLabs ",Oct-49,2011,$100 - $149 / hr,"
,Seoul, South Korea ",Undisclosed,
"
Shugert Marketing ",9-Feb,2006,$50 - $99 / hr,"
,Hermosillo, Mexico ","$1,000+","4.5,4.5"
"
CloudMoyo ",250 - 999,2015,$50 - $99 / hr,"
,Bellevue, WA ","$50,000+",
"
Skalable Technologies ",Oct-49,2008,$50 - $99 / hr,"
,San Jose, CA ","$25,000+","4.0,4.0"
"
IT Respublica ",9-Feb,2013,$25 - $49 / hr,"
,Vilnius, Lithuania ","$25,000+","5.0,5.0"
"
Virtuas ",9-Feb,2017,$150 - $199 / hr,"
,Houston, TX ","$1,000+","5.0,5.0"
"
Broadside Digital Intelligence (BDI) ",Oct-49,2010,Undisclosed,"
,Burnaby, Canada ","$10,000+","5.0,5.0"
"
CloudNesil ",Oct-49,2013,$25 - $49 / hr,"
,Denizli, Turkey ","$25,000+","4.4,4.4"
"
MindQuad Solutions Pvt. Ltd. ",50 - 249,2008,$25 - $49 / hr,"
,Ahmedabad, India ","$100,000+","4.5,4.5"
"
60mn ",9-Feb,2018,$150 - $199 / hr,"
,paris, France ","$1,000+","5.0,5.0"
"
INFINIT Consulting ",Oct-49,2006,$25 - $49 / hr,"
,Campbell, CA ",Undisclosed,
"
PSC Group ",50 - 249,1990,$150 - $199 / hr,"
,Schaumburg, IL ","$1,000+",
"
Tryolabs ",Oct-49,2010,$100 - $149 / hr,"
,,  ",Undisclosed,
"
Sparity Inc ",50 - 249,2010,< $25 / hr,"
,Alpharetta, GA ","$5,000+",
"
Intelligence Partner ",50 - 249,2009,$150 - $199 / hr,"
,Madrid, Spain ",Undisclosed,
"
InfoStrat ",Oct-49,1987,$100 - $149 / hr,"
,Washington, DC ",Undisclosed,
"
Covalense ",250 - 999,2006,$25 - $49 / hr,"
,Sydney, Australia ","$10,000+",
"
BlueApple Technologies Pvt Ltd ",50 - 249,2000,< $25 / hr,"
,NOIDA, India ","$5,000+",
"
IronEdge ",Oct-49,2005,$150 - $199 / hr,"
,Houston, TX ","$10,000+",
"
Impressico Business Solutions Inc. ",50 - 249,2009,< $25 / hr,"
,Noida, India ","$1,000+",
"
Inspirage ",250 - 999,2007,$150 - $199 / hr,"
,Bellevue, WA ","$10,000+",
"
Xpand IT ",50 - 249,2003,$50 - $99 / hr,"
,Lisboa, Portugal ","$1,000+",
"
GramEner Technology Solutions ",Oct-49,2010,Undisclosed,"
,Hyderabad, India ",Undisclosed,
"
47 Degrees ",Oct-49,2010,Undisclosed,"
,Seattle, WA ","$5,000+",
"
Aderant ",250 - 999,1978,$50 - $99 / hr,"
,Atlanta, GA ",Undisclosed,
"
WaveAccess ",250 - 999,2000,$50 - $99 / hr,"
,Las Vegas, NV ",Undisclosed,
"
Improving ",250 - 999,2006,$150 - $199 / hr,"
,Houston, TX ","$10,000+",
"
Kainos ",250 - 999,1986,$200 - $300 / hr,"
,London, United Kingdom ","$50,000+",
"
Rolta ","1,000 - 9,999",1982,$150 - $199 / hr,"
,Mumbai, India ","$25,000+",
"
TalkingData ",50 - 249,2011,$50 - $99 / hr,"
,Beijing, China ","$5,000+",
"
AdMaster ",250 - 999,2010,$25 - $49 / hr,"
,Beijing, China ","$1,000+",
"
Jiguang ",250 - 999,2011,$100 - $149 / hr,"
,Shenzhen, China ","$5,000+",
"
iSoftStone ","10,000+",2001,$100 - $149 / hr,"
,Beijing, China ","$5,000+",
"
Protiviti ","1,000 - 9,999",2002,$50 - $99 / hr,"
,San Francisco, CA ","$1,000+",
"
Reply ","1,000 - 9,999",1996,$100 - $149 / hr,"
,Torino, Italy ","$5,000+",
"
Luxoft ","10,000+",2000,$100 - $149 / hr,"
,Bucharest, Romania ","$5,000+",
"
North Highland ","1,000 - 9,999",1992,$100 - $149 / hr,"
,Atlanta, ","$10,000+",
"
Anaconda ",50 - 249,2012,$100 - $149 / hr,"
,Austin, TX ","$5,000+",
"
SHL ",250 - 999,1977,Undisclosed,"
,Kingston upon Thames, ",Undisclosed,
"
Think Big Analytics ",250 - 999,2010,$100 - $149 / hr,"
,Santa Clara, CA ","$5,000+",
"
NetApp ","10,000+",1992,$50 - $99 / hr,"
,Sunnyvale, CA ","$5,000+",
"
Neudesic ",250 - 999,2002,$100 - $149 / hr,"
,Irvine, CA ","$25,000+",
"
Datawatch Corporation ",50 - 249,1985,Undisclosed,"
,Greensboro, NC ",Undisclosed,
"
Recorded Future ",250 - 999,2009,Undisclosed,"
,Somerville, MA ",Undisclosed,
"
INNTEC ",Oct-49,2012,$25 - $49 / hr,"
,Vilnius, Lithuania ","$5,000+",
"
Emorphis Technology ",50 - 249,2010,< $25 / hr,"
,Indore, India ","$1,000+",
"
Darkhorse Analytics ",Oct-49,2008,$100 - $149 / hr,"
,Edmonton, Canada ","$5,000+",
"
Fractal Analytics ","1,000 - 9,999",2000,$25 - $49 / hr,"
,Jersey City, NJ ",Undisclosed,
"
APEX Analytix ",250 - 999,1988,Undisclosed,"
,Greensboro, NC ",Undisclosed,
"
EWSolutions ",250 - 999,1997,$50 - $99 / hr,"
,Bloomingdale, IL ","$25,000+",
"
Grepsr ",Oct-49,2012,$50 - $99 / hr,"
,Kathmandu, Nepal ","$5,000+",
"
Pactera ","10,000+",1995,$100 - $149 / hr,"
,Beijing, China ","$5,000+",
"
Beijing Teamsun technology ","1,000 - 9,999",1998,$100 - $149 / hr,"
,Beijing, China ","$5,000+",
"
CloverDX ",50 - 249,2002,Undisclosed,"
,Arlington, VA ",Undisclosed,
"
PingCAP ",50 - 249,2015,$100 - $149 / hr,"
,San Mateo, CA ","$5,000+",
"
EXASOL AG ",50 - 249,2000,$150 - $199 / hr,"
,Nuremberg, Germany ",Undisclosed,
"
Gridsum ",250 - 999,2005,$100 - $149 / hr,"
,Beijing, China ","$5,000+",
"
Nexidia ",50 - 249,2000,Undisclosed,"
,Atlanta, GA ",Undisclosed,
"
Stefanini ","10,000+",1987,$150 - $199 / hr,"
,São Paulo, Brazil ","$10,000+",
"
ChinaSoft International ","10,000+",2000,$100 - $149 / hr,"
,Beijing, China ","$5,000+",
"
Media iQ Digital Ltd ",250 - 999,2010,$150 - $199 / hr,"
,Holborn, United Kingdom ","$10,000+",
"
Tamr Inc. ",50 - 249,2012,Undisclosed,"
,Cambridge, MA ",Undisclosed,
"
Alation ",250 - 999,2012,Undisclosed,"
,Redwood City, CA ",Undisclosed,
"
Attivio ",50 - 249,2007,Undisclosed,"
,Boston, MA ",Undisclosed,
"
Saelum ",9-Feb,2018,< $25 / hr,"
,Beijing, China ","$1,000+",
"
Shamrock Digital ",9-Feb,2011,Undisclosed,"
,Kansas City, KS ",Undisclosed,
"
Punchcard Systems ",9-Feb,2015,Undisclosed,"
,Edmonton, Canada ",Undisclosed,
"
Quantum FBI, LLC ",9-Feb,2016,$100 - $149 / hr,"
,New York, NY ","$10,000+",
"
All Things SEO ",9-Feb,2014,$150 - $199 / hr,"
,Birmingham, United Kingdom ","$10,000+",
"
Charm City Networks ",9-Feb,2007,Undisclosed,"
,Baltimore, MD ",Undisclosed,
"
Owens Telecom Services, Inc. ",Oct-49,1999,Undisclosed,"
,Lebanon, TN ",Undisclosed,
"
Network Solutions Group, LLC ",Oct-49,1999,Undisclosed,"
,Nashville, TN ",Undisclosed,
"
CACIOPEE ",Oct-49,2001,Undisclosed,"
,Rabat, Morocco ",Undisclosed,
"
NetLabs ",Oct-49,1998,Undisclosed,"
,Montevideo, Uruguay ",Undisclosed,
"
MouseCalls Technology Solutions ",Oct-49,1998,Undisclosed,"
,Nashville, TN ",Undisclosed,
"
iRis Networks ",Oct-49,1998,Undisclosed,"
,Nashville, TN ",Undisclosed,
"
M.A. Polce Consulting, Inc. ",Oct-49,1998,$100 - $149 / hr,"
,Rome, NY ","$5,000+",
"
QED National ",Oct-49,1993,$25 - $49 / hr,"
,New York, NY ","$10,000+",
"
iRonin.IT ",Oct-49,2011,Undisclosed,"
,Warszawa, Poland ",Undisclosed,
"
M7 Managed Services ",9-Feb,2007,$100 - $149 / hr,"
,Nantgarw, United Kingdom ","$5,000+",
"
Digital Works ",50 - 249,2015,Undisclosed,"
,Rabat, Morocco ",Undisclosed,
"
Kitquant ",Freelancer,2016,$100 - $149 / hr,"
,New York, NY ","$10,000+",
"
Jaque ",50 - 249,2013,Undisclosed,"
,Mexico City, Mexico ",Undisclosed,
"
10xDS - Exponential Digital Solutions ",50 - 249,2016,Undisclosed,"
,Dubai, United Arab Emirates ",Undisclosed,
"
Design is Dead ",Oct-49,1999,$100 - $149 / hr,"
,Brussels, Belgium ","$10,000+",
"
Pentabay Softwares Inc ",Oct-49,2018,< $25 / hr,"
,Oakville, Canada ","$1,000+",
"
TROY ICT Malaysia ",Oct-49,2016,$100 - $149 / hr,"
,Kuala Lumpur, Malaysia ","$10,000+",
"
Data Venture Solutions Ltd. ",Oct-49,2018,$25 - $49 / hr,"
,Leeds, United Kingdom ","$5,000+",
"
UsefulBI ",Oct-49,2014,Undisclosed,"
,Boston, MA ",Undisclosed,
"
TPS Engage ",9-Feb,2013,$100 - $149 / hr,"
,Bucharest, Romania ","$5,000+",
"
Block 8 Digital ",9-Feb,2012,$150 - $199 / hr,"
,Macclesfield, United Kingdom ","$10,000+",
"
Metric Central ",9-Feb,2019,Undisclosed,"
,Warwick, United Kingdom ","$1,000+",
"
Solusoft Panama ",50 - 249,1990,Undisclosed,"
,Curundu, Panama ",Undisclosed,
"
Vertisystem ",50 - 249,2007,$25 - $49 / hr,"
,Fremont, CA ","$10,000+",
"
Acclivis Technologies and Solutions ",50 - 249,2009,$25 - $49 / hr,"
,Singapore, Singapore ","$1,000+",
"
CirrusLabs ",50 - 249,2005,Undisclosed,"
,Alpharetta, GA ",Undisclosed,
"
MEMOS Software ",50 - 249,2003,$50 - $99 / hr,"
,Prague, Czech Republic ","$5,000+",
"
Cenacle ",Freelancer,2012,$100 - $149 / hr,"
,Vijayawada, India ",Undisclosed,
"
Tachyon Technologies ",50 - 249,2012,$150 - $199 / hr,"
,Irving, TX ","$10,000+",
"
Airnet Group ",Oct-49,2002,Undisclosed,"
,Chattanooga, TN ",Undisclosed,
"
Softlanding ",Oct-49,2000,$100 - $149 / hr,"
,Vancouver, Canada ","$10,000+",
"
i3solutions ",Oct-49,1996,$150 - $199 / hr,"
,Sterling, VA ","$25,000+",
"
Mindzilla ",9-Feb,2009,Undisclosed,"
,London, United Kingdom ",Undisclosed,
"
Atchai Digital ",9-Feb,2010,Undisclosed,"
,London, United Kingdom ",Undisclosed,
"
BMB SERVICES ",9-Feb,2011,$100 - $149 / hr,"
,Paris, France ","$10,000+",
"
Celebal Technologies ",50 - 249,2015,$25 - $49 / hr,"
,, ","$50,000+",
"
KaNex ",50 - 249,2012,$50 - $99 / hr,"
,, Singapore ","$5,000+",
"
Teleion Consulting ",50 - 249,2008,$100 - $149 / hr,"
,Seattle, WA ","$5,000+",
"
Red Ninja Studios ",Oct-49,2011,Undisclosed,"
,Liverpool, United Kingdom ",Undisclosed,
"
Ensitech ",Oct-49,2005,Undisclosed,"
,Monterrey, Mexico ",Undisclosed,
"
C/D/H ",Oct-49,1990,$100 - $149 / hr,"
,Grand Rapids, MI ","$5,000+",
"
Resolute Digital ",Oct-49,2008,$100 - $149 / hr,"
,New York, NY ","$5,000+",
"
ROK Technologies ",Oct-49,1997,Undisclosed,"
,Charleston, SC ",Undisclosed,
"
Virtual Viewing ",Oct-49,1995,$150 - $199 / hr,"
,Milton Keynes, United Kingdom ","$10,000+",
"
Cloud Horizon Technologies ",Oct-49,2009,$25 - $49 / hr,"
,Ville Saint-Laurent, Canada ","$5,000+",
"
Freya Systems ",Oct-49,2009,$100 - $149 / hr,"
,Media, PA ","$10,000+",
"
Laris Media ",9-Feb,2006,$100 - $149 / hr,"
,Virginia Beach, VA ",Undisclosed,
"
SOFTEL Communications ",Oct-49,1993,$150 - $199 / hr,"
,Montréal, Canada ","$5,000+",
"
Cloudster Brasil ",9-Feb,2011,Undisclosed,"
,Curitiba, Brazil ",Undisclosed,
"
Syscloud ",50 - 249,2012,$25 - $49 / hr,"
,Beijing, China ","$1,000+",
"
SimTech IT Solutions Private Limited ",50 - 249,2009,$25 - $49 / hr,"
,Bangalore, India ","$10,000+",
"
Steinfeld Legal ",50 - 249,2015,< $25 / hr,"
,Kraków, Poland ","$1,000+",
"
Fearless ",50 - 249,2009,$150 - $199 / hr,"
,Baltimore, MD ","$100,000+",
"
LightCastle Partners Ltd ",Oct-49,2013,Undisclosed,"
,Dhaka, Bangladesh ",Undisclosed,
"
Functional Imperative ",Oct-49,2012,$25 - $49 / hr,"
,Toronto, Canada ","$25,000+",
"
Abakus ",Oct-49,1995,$25 - $49 / hr,"
,Paris, France ","$5,000+",
"
Precognox ",Oct-49,2008,$50 - $99 / hr,"
,Budapest, Hungary ","$10,000+",
"
CATCH Intelligence ",9-Feb,2001,Undisclosed,"
,Omaha, NE ",Undisclosed,
"
MacBusiness Consulting ",9-Feb,1993,Undisclosed,"
,Honolulu, HI ",Undisclosed,
"
BSS ",50 - 249,2007,Undisclosed,"
,Ciudad de México,, Mexico ","$25,000+",
"
United Virtualities ",50 - 249,2009,Undisclosed,"
,New York, NY ","$50,000+",
"
Factmata ",Oct-49,2017,Undisclosed,"
,London, United Kingdom ",Undisclosed,
"
From Scratch Co. ",Oct-49,2010,$100 - $149 / hr,"
,Shinjuku-ku, Tokyo, Japan ","$5,000+",
"
FRONTLINE ",Oct-49,2010,$100 - $149 / hr,"
 ,Singapore, Singapore ","$5,000+",
"
Clear Measure ",Oct-49,2013,$100 - $149 / hr,"
,Austin, TX ","$5,000+",
"
Simplica Corporation ",Oct-49,1999,Undisclosed,"
,Wilmington, DE ",Undisclosed,
"
Alboradait ",Oct-49,2009,$25 - $49 / hr,"
,Almería, Spain ","$5,000+",
"
Xelleration LLC ",Oct-49,2001,Undisclosed,"
,Irvine, CA ",Undisclosed,
"
AnythingCloud ",9-Feb,1999,Undisclosed,"
,Carrollton, TX ","$25,000+",
"
Data Cowboys ",9-Feb,2014,$100 - $149 / hr,"
,Seattle, WA ","$1,000+",
"
Chatmine Technologies ",9-Feb,2006,Undisclosed,"
,Wayland, MA ",Undisclosed,
"
Hosting Ultraso ",9-Feb,2014,Undisclosed,"
,Kolkata, India ",Undisclosed,
"
ECI e-automate ",9-Feb,1995,Undisclosed,"
,Provo,, UT ",Undisclosed,
"
SimplyPHP ",Oct-49,2005,Undisclosed,"
,Montreal, Canada ",Undisclosed,
"
DEEPHi ",Oct-49,2016,$50 - $99 / hr,"
,Beijing, China ","$5,000+",
"
Soho Dragon ",Oct-49,2010,Undisclosed,"
,New York, NY ",Undisclosed,
"
Datalytyx ",Oct-49,2005,$150 - $199 / hr,"
,London, United Kingdom ","$10,000+",
"
3SAE Technologies, Inc. ",Oct-49,2000,Undisclosed,"
,Franklin, TN ",Undisclosed,
"
MouseCalls Technology Solutions ",Oct-49,1998,Undisclosed,"
,Nashville, TN ",Undisclosed,
"
Varsity Technologies ",Oct-49,1997,$100 - $149 / hr,"
,San Francisco, CA ","$5,000+",
"
Cirrhus9 ",Oct-49,2008,$100 - $149 / hr,"
,Escondido, CA ","$5,000+",
"
Agile IT ",Oct-49,2006,$100 - $149 / hr,"
,San Diego, CA ","$5,000+",
"
The IT Company LLC ",Oct-49,2003,Undisclosed,"
,Knoxville, TN ",Undisclosed,
"
Integracon Technologies, LLC ",Oct-49,2001,Undisclosed,"
,Knoxville, TN ",Undisclosed,
"
EpiOn, LLC ",Oct-49,1997,Undisclosed,"
 ,Cookeville, TN ",Undisclosed,
"
BMP Technologies ",Oct-49,2016,Undisclosed,"
,Sydney, Australia ",Undisclosed,
"
GURU ",Oct-49,1995,Undisclosed,"
,Gaithersburg, MD ",Undisclosed,
"
IntellEcomm Management Consultants Inc ",9-Feb,2000,Undisclosed,"
,Toronto, Canada ",Undisclosed,
"
WINKAM Lab ",9-Feb,2014,$50 - $99 / hr,"
,Novosibirsk, Russia ","$10,000+",
"
4its GmbH ",9-Feb,2011,$100 - $149 / hr,"
,Hamburg, Germany ","$5,000+",
"
INNOVATION HUB CONSULTING ",9-Feb,2015,$100 - $149 / hr,"
,Lima, Peru ","$10,000+",
"
Digital Village ",9-Feb,2016,Undisclosed,"
,Sydney, Australia ","$5,000+",
"
BYTE ME Consulting, Inc. ",9-Feb,2000,Undisclosed,"
,Lawrence, KS ",Undisclosed,
"
Grupo Audax ",Oct-49,2003,$25 - $49 / hr,"
,Sao Paulo, Brazil ","$5,000+",
"
Architecting Innovation ",Oct-49,2010,Undisclosed,"
,Dallas, TX ",Undisclosed,
"
ZN Consulting ",Oct-49,2003,$100 - $149 / hr,"
,Ixelles, Belgium ","$10,000+",
"
Kavaa Global Services ",Oct-49,2000,$100 - $149 / hr,"
,Rabat, Morocco ","$10,000+",
"
Global Surface Intelligence ",Oct-49,2012,Undisclosed,"
,Edinburgh, United Kingdom ",Undisclosed,
"
FIN.by ",Oct-49,2010,$25 - $49 / hr,"
,Minsk, Belarus ","$10,000+",
"
masterIT ",Oct-49,2006,Undisclosed,"
,Memphis, TN ",Undisclosed,
"
ImageQuest LLC ",Oct-49,2007,Undisclosed,"
,Nashville, TN ",Undisclosed,
"
Final Source ",Oct-49,2003,Undisclosed,"
,Memphis, TN ",Undisclosed,
"
3s Global Business Solutions ",Oct-49,2007,$25 - $49 / hr,"
,Canoga Park, ","$10,000+",
"
Sigmaways ",Oct-49,2006,$25 - $49 / hr,"
,Fremont, CA ","$10,000+",
"
Intelliarts Ltd. ",Oct-49,1999,$25 - $49 / hr,"
,Lviv, Ukraine ",Undisclosed,
"
Frontier Technologies Inc. ",Oct-49,1989,Undisclosed,"
,Wilmington, DE ",Undisclosed,
"
iauro systems Pvt Ltd ",Oct-49,2009,$25 - $49 / hr,"
,Pune, India ",Undisclosed,
"
Flyaps - software development company ",Oct-49,2010,$25 - $49 / hr,"
,Dnipro, Ukraine ","$10,000+",
"
SigDelta ",Oct-49,2016,$50 - $99 / hr,"
,Warszawa, Poland ","$5,000+",
"
C3 Insight Group Inc. ",9-Feb,2014,Undisclosed,"
,Toronto, Canada ",Undisclosed,
"
Partner Economy, LLC ",9-Feb,2014,$150 - $199 / hr,"
,San Francsico, CA ","$5,000+",
"
9Piecesof8 Software Labs LLC ",9-Feb,2014,Undisclosed,"
,Buffalo, WY ",Undisclosed,
"
Akkomplish Consulting Pvt. Ltd. ",Oct-49,2015,$25 - $49 / hr,"
,Ahmedabad, India ",Undisclosed,
"
Newtyne ",Oct-49,2004,Undisclosed,"
,Edinburgh, United Kingdom ",Undisclosed,
"
Zuni ",Oct-49,2010,$100 - $149 / hr,"
,Stanmore, Australia ","$5,000+",
"
Fugumobile ",Oct-49,2006,$50 - $99 / hr,"
,Shanghai, China ","$5,000+",
"
Frogworks ",Oct-49,2002,Undisclosed,"
,Waldorf, MD ",Undisclosed,
"
Integrated Communications, Inc. ",Oct-49,1995,Undisclosed,"
,Memphis, TN ",Undisclosed,
"
HeyDay Pro ",Oct-49,2000,$100 - $149 / hr,"
,Helsinki, Finland ","$5,000+",
"
Source One Business Services, LLC ",Oct-49,1986,$100 - $149 / hr,"
,Ellicott City, MD ","$5,000+",
"
CTrends Software & Services Ltd. ",Oct-49,2015,Undisclosed,"
,Dhaka, Bangladesh ",Undisclosed,
"
Azolution Software & Engineers Limited ",Oct-49,2010,Undisclosed,"
,Dhaka, Bangladesh ",Undisclosed,
"
Computer Lab ",Oct-49,2016,$150 - $199 / hr,"
,New York, NY ","$10,000+",
"
Goodform ",Oct-49,2002,$150 - $199 / hr,"
,Royal Leamington Spa, United Kingdom ","$10,000+",
"
United Business Applications ",Oct-49,2002,$100 - $149 / hr,"
,Amman, Jordan ","$10,000+",
"
Happiness Saigon ",Oct-49,2014,Undisclosed,"
,Ho Chi Minh City, Vietnam ",Undisclosed,
"
Kraft Technology Group ",Oct-49,1992,Undisclosed,"
,Nashville, TN ",Undisclosed,
"
PAXIS Technologies ",Oct-49,1981,Undisclosed,"
,Knoxville, TN ",Undisclosed,
"
CCR Technologies ",Oct-49,2003,< $25 / hr,"
,New Jersey, NJ ","$5,000+",
"
LanLink Communications, LLC ",Oct-49,2000,Undisclosed,"
,Murfreesboro, TN ",Undisclosed,
"
Cablelink Solutions ",Oct-49,1997,Undisclosed,"
,Murfreesboro, TN ",Undisclosed,
"
Advanced Communications, Inc. ",Oct-49,1985,Undisclosed,"
,Morristown, TN ",Undisclosed,
"
Stringfellow Technology Group ",Oct-49,2005,Undisclosed,"
,Nashville, TN ",Undisclosed,
"
Lumenos Technologies, Inc ",Oct-49,2009,Undisclosed,"
,Chattanooga, TN ",Undisclosed,
"
Gravity Networks, LLC ",Oct-49,2010,Undisclosed,"
,Knoxville, TN ",Undisclosed,
"
Cloud 9 Infosystems, Inc. ",Oct-49,2010,$100 - $149 / hr,"
,Warrenville, IL ","$5,000+",
"
MavenMagnet ",Oct-49,2009,$100 - $149 / hr,"
,New York, NY ","$5,000+",
"
Providence Software Solutions ",Oct-49,2005,Undisclosed,"
,, ",Undisclosed,
"
Imperium Solutions ",Oct-49,2003,Undisclosed,"
,Singapore, Singapore ",Undisclosed,
"
Akscellence Info Solutions ",Oct-49,2015,$50 - $99 / hr,"
,Madison, WI ","$5,000+",
"
Level60 Consulting ",Oct-49,2006,Undisclosed,"
,Nashville, ",Undisclosed,
"
Plow Networks ",Oct-49,2012,Undisclosed,"
,Brentwood, TN ",Undisclosed,
"
PCS Managed Services, LLC ",Oct-49,1987,Undisclosed,"
,Memphis, TN ",Undisclosed,
"
IT That Works ",Oct-49,1992,Undisclosed,"
,Franklin, TN ",Undisclosed,
"
Counterpoint Software, Inc ",Oct-49,1986,Undisclosed,"
,Wilmington, DE ",Undisclosed,
"
StoryArc ",9-Feb,2017,$100 - $149 / hr,"
,Los Angeles, CA ","$1,000+",
"
Noble Consulting Services Inc ",Oct-49,1997,Undisclosed,"
,Indianapolis, IN ",Undisclosed,
"
Streamba Ltd ",Oct-49,2010,Undisclosed,"
,Glasgow, United Kingdom ",Undisclosed,
"
Resolve studio ",Oct-49,2016,$25 - $49 / hr,"
,Bogota, Colombia ","$5,000+",
"
Córdoba Software ",Oct-49,1991,Undisclosed,"
,Cordoba, Argentina ",Undisclosed,
"
Keystone.Solutions ",Oct-49,2006,Undisclosed,"
,Cleveland, ",Undisclosed,
"
VortexT Analytics ",Oct-49,2016,Undisclosed,"
,Knoxville, TN ",Undisclosed,
"
Concert Tech Corporation ",Oct-49,2002,$150 - $199 / hr,"
,Leesburg, VA ","$25,000+",
"
Xerva ",Oct-49,2014,$100 - $149 / hr,"
 ,Provo, UT ","$1,000+",
"
Sara Software Systems ",Oct-49,2004,Undisclosed,"
,Olathe, KS ",Undisclosed,
"
ReputationUP® ",Oct-49,2012,$300+ / hr,"
,Castellón de la Plana, Spain ","$250,000+",
"
Blu Ltd ",9-Feb,2016,$100 - $149 / hr,"
,, Hong Kong S.A.R., China ","$1,000+",
"
Valens DataLabs ",9-Feb,2016,$25 - $49 / hr,"
,Ahmedabad, India ",Undisclosed,
"
Innovation Vista ",9-Feb,2015,Undisclosed,"
,Houston, TX ","$10,000+",
"
Coventek, Inc. ",9-Feb,2015,Undisclosed,"
,Atlanta, GA ",Undisclosed,
"
Rigorous Statistics ",9-Feb,2017,$100 - $149 / hr,"
,Pretoria, South Africa ","$1,000+",
"
Salesfive ",9-Feb,2016,$100 - $149 / hr,"
,Munich, Germany ","$5,000+",
"
AISOMA AG ",9-Feb,2017,$100 - $149 / hr,"
,Frankfurt am Main, Germany ","$5,000+",
"
Traydstream ",Oct-49,2015,Undisclosed,"
,London, United Kingdom ",Undisclosed,
"
AgotoZ technologies ",Oct-49,2016,$50 - $99 / hr,"
,Beijing, China ","$5,000+",
"
10.digital ",Oct-49,2016,Undisclosed,"
,Coimbra, Portugal ",Undisclosed,
"
BlackSentry ",Oct-49,2016,Undisclosed,"
,Wuse Abuja, Nigeria ",Undisclosed,
"
Acumen Technology ",Oct-49,2016,Undisclosed,"
,Nashville, TN ",Undisclosed,
"
Presidio Service Solutions Incorporated ",Oct-49,2007,Undisclosed,"
,Oak Ridge, TN ",Undisclosed,
"
Up Tech Services ",Oct-49,2009,Undisclosed,"
,Tullahoma, TN ",Undisclosed,
"
Revere Agency ",Oct-49,2017,$150 - $199 / hr,"
,Marlow, United Kingdom ","$10,000+",
"
Zen Cloud Technologies ",Oct-49,2015,$25 - $49 / hr,"
,San Francisco, CA ","$10,000+",
"
Kranti Tech Services Pvt Ltd ",Oct-49,2010,< $25 / hr,"
,Noida, India ",Undisclosed,
"
Script All DNA Technologies ",Oct-49,2015,$25 - $49 / hr,"
,Ahmedabad, India ","$5,000+",
"
Stunn ",9-Feb,2012,Undisclosed,"
,, United Kingdom ",Undisclosed,
"
BTL Brands Ltd ",9-Feb,2011,$150 - $199 / hr,"
,London, United Kingdom ","$10,000+",
"
Load Interactive ",Oct-49,2012,Undisclosed,"
,Aveiro, Portugal ",Undisclosed,
"
Head Blocks ",Oct-49,2011,Undisclosed,"
,Dhaka, Bangladesh ",Undisclosed,
"
IT Concept ",Oct-49,2011,$50 - $99 / hr,"
,Guro-gu, South Korea ","$1,000+",
"
eigen ",Oct-49,2016,$50 - $99 / hr,"
,Zhejiang, China ","$5,000+",
"
Intelivix ",Oct-49,2015,$150 - $199 / hr,"
,Recife, Brazil ","$10,000+",
"
BlueCore Technologies ",Oct-49,2010,Undisclosed,"
,Franklin, TN ",Undisclosed,
"
Five Iron Technologies ",Oct-49,2008,Undisclosed,"
,Franklin, TN ",Undisclosed,
"
E-Saurio ",Oct-49,2012,$25 - $49 / hr,"
,NORTH MIAMI, FL ","$1,000+",
"
Communications Evolutions ",Oct-49,1974,Undisclosed,"
,McMinnville, TN ",Undisclosed,
"
NEX Software ",9-Feb,2002,< $25 / hr,"
,Rajkot, India ","$1,000+",
"
ShookIOT ",Oct-49,2017,Undisclosed,"
,Edmonton, Canada ",Undisclosed,
"
Rapid Web Services ",Oct-49,2011,Undisclosed,"
,Dhaka, Bangladesh ",Undisclosed,
"
Arwizon ",Oct-49,2016,$50 - $99 / hr,"
,Bengaluru, India ","$5,000+",
"
Worldacquire ",Oct-49,2018,Undisclosed,"
,London, United Kingdom ",Undisclosed,
"
Wixel ",9-Feb,2010,Undisclosed,"
,Cape Town, South Africa ",Undisclosed,
"
Ebony+Ivory ",9-Feb,1969,Undisclosed,"
,Johannesburg, South Africa ",Undisclosed,
"
Tictac Data Recovery, Cyber Security & Computer Forensics ",9-Feb,1999,$50 - $99 / hr,"
,Elliniko, Greece ","$1,000+",
"
Innotica Group ",9-Feb,2003,$25 - $49 / hr,"
,Budapest, Hungary ","$5,000+",
"
IT Strategists ",9-Feb,1999,$25 - $49 / hr,"
,Los Angeles, CA ","$10,000+",
"
Seno ",Oct-49,2004,Undisclosed,"
,Paraíso, Brazil ",Undisclosed,
"
Zagalabs ",Oct-49,2013,Undisclosed,"
,Bogotá, Colombia ",Undisclosed,
"
Matrix Business Technology ",Oct-49,2004,$100 - $149 / hr,"
,Amman, Jordan ","$10,000+",
"
Convverge Inc. ",Oct-49,2005,$100 - $149 / hr,"
,Calgary, Canada ","$10,000+",
"
Mia-Platform ",Oct-49,2016,$50 - $99 / hr,"
,Milano, Italy ","$10,000+",
"
Cognexa ",Oct-49,2016,$50 - $99 / hr,"
,Bratislava, Slovakia ","$10,000+",
"
Virtue Tech Inc ",Oct-49,2010,$100 - $149 / hr,"
,Bellevue, WA ","$100,000+",
"
Brainhint ",Oct-49,2017,$50 - $99 / hr,"
,Chorzów, Poland ","$10,000+",
"
Tautology Development ",9-Feb,2013,$50 - $99 / hr,"
,Boulder, CO ",Undisclosed,
"
AngelCom IT Services ",9-Feb,1986,Undisclosed,"
,Lakewood, WA ",Undisclosed,
"
Scalent Infotech Pvt. Ltd. ",Oct-49,2016,Undisclosed,"
,Pune, India ",Undisclosed,
"
Endion IT ",Oct-49,2017,$25 - $49 / hr,"
,Rosario, Santa Fe 2000, AR, Argentina ","$5,000+",
"
PCS, Inc. ",Oct-49,1996,Undisclosed,"
,Louisville, TN ",Undisclosed,
"
Yuthivara Analytics ",Oct-49,2017,< $25 / hr,"
,Hyderabad, India ",Undisclosed,
"
GAYAIT ",Oct-49,2014,$25 - $49 / hr,"
,Quito, Ecuador ",Undisclosed,
"
Imroz ",Oct-49,2016,Undisclosed,"
,Lahore, Pakistan ","$5,000+",
"
Ziras Technologies Inc ",Oct-49,2015,Undisclosed,"
,Newark, DE ",Undisclosed,
"
AllSmart TechnoSolutions Pvt Ltd ",Oct-49,2016,$25 - $49 / hr,"
,Hyderabad, India ","$10,000+",
"
Visionstate Inc ",9-Feb,2005,Undisclosed,"
,Edmonton, Canada ",Undisclosed,
"
TECKPATH ",9-Feb,2012,$100 - $149 / hr,"
,Calgary, Canada ","$1,000+",
"
Eleven Media ",9-Feb,2009,Undisclosed,"
,Casablanca, Morocco ",Undisclosed,
"
VastEdge ",9-Feb,2004,$50 - $99 / hr,"
,, CA ","$1,000+",
"
SunRiver IT Partners ",9-Feb,2012,Undisclosed,"
,Franklin, TN ",Undisclosed,
"
SiteWhere ",9-Feb,2014,Undisclosed,"
,Atlanta, GA ",Undisclosed,
"
Mitech Partners, LLC ",9-Feb,2013,Undisclosed,"
,Nashville, TN ",Undisclosed,
"
One Call Telecom, LLC ",9-Feb,1972,Undisclosed,"
,Memphis, TN ",Undisclosed,
"
Infosoft Inc ",9-Feb,2005,Undisclosed,"
,Shawnee Mission, KS ",Undisclosed,
"
Computer Consulting Services ",9-Feb,1999,Undisclosed,"
,Jackson, TN ",Undisclosed,
"
rocketwise, inc. ",9-Feb,2003,Undisclosed,"
,Knoxville, TN ",Undisclosed,
"
Sublime Computer Services, LLC ",9-Feb,2008,Undisclosed,"
,Nashville, TN ",Undisclosed,
"
Cole Informatics, LLC ",9-Feb,2002,Undisclosed,"
,Parsons, TN ",Undisclosed,
"
CTC Networks ",9-Feb,1978,Undisclosed,"
,Nashville, ",Undisclosed,
"
Inception Network Strategies ",9-Feb,2001,Undisclosed,"
,Franklin, TN ",Undisclosed,
"
Kamatera ",9-Feb,1995,< $25 / hr,"
,New York, NY ",Undisclosed,
"
EarGlue ",9-Feb,1994,Undisclosed,"
,Memphis, TN ",Undisclosed,
"
Trendz Web Solution ",9-Feb,2012,$150 - $199 / hr,"
,Salem, India ","$10,000+",
"
Troyee Software ",9-Feb,2003,Undisclosed,"
,Dhaka, Bangladesh ",Undisclosed,
"
Jindal Intellicom Limited ",9-Feb,2000,$25 - $49 / hr,"
,New Delhi, ","$1,000+",
"
Metamorphosis ",9-Feb,2017,Undisclosed,"
,Dhaka, Bangladesh ",Undisclosed,
"
Hashtag Consulting ",9-Feb,2016,Undisclosed,"
,Dubai, United Arab Emirates ",Undisclosed,
"
Conlan Scientific ",9-Feb,2015,$150 - $199 / hr,"
,Bethesda, MD ","$5,000+",
"
DataMart, Inc. ",9-Feb,1983,Undisclosed,"
,Memphis, TN ",Undisclosed,
"
Clear Link Systems ",9-Feb,2004,Undisclosed,"
,Nashville, TN ",Undisclosed,
"
Net3IT ",9-Feb,2012,Undisclosed,"
,Knoxville, TN ",Undisclosed,
"
Metis Technology, LLC ",9-Feb,2012,Undisclosed,"
,Madison, TN ",Undisclosed,
"
W Y Technologies Inc ",9-Feb,1999,$100 - $149 / hr,"
,Vista, CA ","$5,000+",
"
Cloud 53 ",9-Feb,2015,Undisclosed,"
,Manchester, United Kingdom ",Undisclosed,
"
Nth-Degree Analytics ",9-Feb,2002,Undisclosed,"
,Bozeman, MT ",Undisclosed,
"
Kieri Solutions LLC ",9-Feb,2015,Undisclosed,"
,Woodbine, MD ",Undisclosed,
"
Bow River Solutions Inc. ",9-Feb,2005,$50 - $99 / hr,"
,Calgary, Canada ","$1,000+",
"
Saffron Key ",9-Feb,2016,$50 - $99 / hr,"
,Seattle, WA ","$1,000+",
"
Musato Technologies ",9-Feb,2015,Undisclosed,"
,KwaZulu-Natal, South Africa ",Undisclosed,
"
Intermedia Global Ltd. ",9-Feb,2003,$150 - $199 / hr,"
,Bedford, United Kingdom ","$10,000+",
"
Total Telco Group ",9-Feb,2014,Undisclosed,"
,St Roseville, Australia ",Undisclosed,
"
River Cities Software ",9-Feb,1983,Undisclosed,"
,Cheyenne, WY ",Undisclosed,
"
Code Fibers ",9-Feb,2015,$25 - $49 / hr,"
,Warsaw, Poland ","$1,000+",
"
CrowdShakti ",9-Feb,2017,Undisclosed,"
,Bengaluru, India ",Undisclosed,
"
IT Wonders Web Pte. Ltd. ",9-Feb,2014,Undisclosed,"
,Singapore, Singapore ",Undisclosed,
"
Fidku Technology Inc. ",9-Feb,2014,Undisclosed,"
,Panama City, Panama ",Undisclosed,
"
Tzu and Co. ",9-Feb,2013,Undisclosed,"
,Sydney, Australia ","$25,000+",
"
ATA Technologies ",9-Feb,2004,Undisclosed,"
,Jackson, TN ",Undisclosed,
"
Pynical Inc. ",9-Feb,2012,Undisclosed,"
,Nashville, TN ",Undisclosed,
"
AdTonos ",9-Feb,2018,Undisclosed,"
,London, United Kingdom ",Undisclosed,
"
Eagle Communications, Inc ",9-Feb,2010,Undisclosed,"
,Murfreesboro, TN ",Undisclosed,
"
The Ionado Group ",9-Feb,2014,Undisclosed,"
,, ",Undisclosed,
"
Tailored Networks ",9-Feb,2015,Undisclosed,"
,Jackson, TN ",Undisclosed,
"
i4C Solutions, LLC ",9-Feb,2012,Undisclosed,"
,Knoxville, TN ",Undisclosed,
"
Simplify Technology, LLC ",9-Feb,2016,Undisclosed,"
,Columbia, TN ",Undisclosed,
"
P3 Technology ",9-Feb,2000,Undisclosed,"
,Wartrace, TN ",Undisclosed,
"
Dependable IT Support ",9-Feb,1992,Undisclosed,"
,Tacoma, WA ",Undisclosed,
"
Reliable Technology Services Inc. ",9-Feb,2007,Undisclosed,"
,Timonium, MD ",Undisclosed,
"
BasilByte ",9-Feb,2016,$25 - $49 / hr,"
,New Delhi, India ","$1,000+",
"
Core Business ",9-Feb,2015,Undisclosed,"
,Montreal, Canada ",Undisclosed,
"
Island 20 Ventures Inc ",9-Feb,2010,Undisclosed,"
,Toronto, Canada ",Undisclosed,
"
Uninext Solutions Pvt Ltd ",9-Feb,2015,$25 - $49 / hr,"
,Delhi, India ","$1,000+",
"
VINTEC Technology Solutions ",9-Feb,2012,$100 - $149 / hr,"
,Hanoi, Vietnam ","$5,000+",
"
Digital Software Labs ",9-Feb,2017,$25 - $49 / hr,"
,Hyderabad, India ","$5,000+",
"
Datrock ",9-Feb,2018,$25 - $49 / hr,"
,London, United Kingdom ","$1,000+",
"
Digital Suite ",9-Feb,2017,$50 - $99 / hr,"
,Toronto, Canada ","$50,000+",
"
I.T. how to ",9-Feb,2005,Undisclosed,"
,Melbourne, Australia ",Undisclosed,
"
Aplus IT Solutions Ltd ",9-Feb,2009,Undisclosed,"
,Edmonton, Canada ",Undisclosed,
"
Social POP ",9-Feb,2014,Undisclosed,"
,Panama City, Panama ",Undisclosed,
"
Peritus Knowledge Services Corporation ",9-Feb,2016,Undisclosed,"
,Makati City, Philippines ","$1,000+",
"
DNK Software ",9-Feb,2016,Undisclosed,"
,Hanoi, Vietnam ",Undisclosed,
"
AKITO ",9-Feb,2016,$150 - $199 / hr,"
,Perugia, Italy ","$10,000+",
"
Picksmart ",9-Feb,2012,Undisclosed,"
,Pretoria, South Africa ",Undisclosed,
"
The It Link ",9-Feb,2010,Undisclosed,"
,Boyds, MD ",Undisclosed,
"
High Wheel Software ",9-Feb,2017,$25 - $49 / hr,"
,Gdynia, Poland ","$10,000+",
"
BDS - Business Data Services ",9-Feb,2004,Undisclosed,"
,Overland Park, KS ",Undisclosed,
"
Base2Industries ",Freelancer,2015,Undisclosed,"
,Edmonton, Canada ",Undisclosed,
"
Binarydrive ",Freelancer,2003,$150 - $199 / hr,"
,London, United Kingdom ","$10,000+",
"
MIMIR Blockchain Solutions ",9-Feb,2016,$100 - $149 / hr,"
,Atlanta, GA ","$5,000+",
"
CapitalPlus Software ",9-Feb,2017,< $25 / hr,"
,Gandhinagar, India ","$1,000+",
"
Xyples ",9-Feb,2005,$100 - $149 / hr,"
,Round Rock, TX ","$10,000+",
"
Benipal Technologies ",9-Feb,2009,$150 - $199 / hr,"
,New York, NY ","$5,000+",
"
Cloudelligent ",9-Feb,2011,$50 - $99 / hr,"
,Dallas, TX ","$1,000+",
"
searchtime ",9-Feb,2017,< $25 / hr,"
,, India ","$1,000+",
"
i2ent ",9-Feb,2019,$50 - $99 / hr,"
,Kaduwela, Sri Lanka ","$5,000+",
"
AppSYGNA ",9-Feb,2012,Undisclosed,"
,Newark, DE ",Undisclosed,
"
Nascenia ",50 - 249,2010,Undisclosed,"
,DHAKA, Bangladesh ",Undisclosed,
"
Crossvale ",50 - 249,2001,$50 - $99 / hr,"
,Dallas, TX ","$10,000+",
"
Ortom ",Freelancer,2019,$100 - $149 / hr,"
,Manchester, United Kingdom ","$5,000+",
"
Sanctus IT ",Oct-49,2017,< $25 / hr,"
,Hyderabad, India ","$1,000+",
"
Happy Jack Software ",9-Feb,2004,Undisclosed,"
,Laramie, WY ",Undisclosed,
"
CognitionX ",50 - 249,2015,Undisclosed,"
,London, United Kingdom ",Undisclosed,
"
Oalva, Inc. ",Oct-49,2014,Undisclosed,"
,Overland Park, KS ",Undisclosed,
"
Intello Group, Inc. ",250 - 999,2007,Undisclosed,"
,Wilmington, DE ",Undisclosed,
"
Faststream Technologies ",50 - 249,2008,< $25 / hr,"
,Inglewood, CA ","$1,000+",
"
Alpha Data ",250 - 999,1981,Undisclosed,"
,Abu Dhabi, United Arab Emirates ",Undisclosed,
"
Akvelon ",250 - 999,2007,$25 - $49 / hr,"
,Bellevue, WA ","$5,000+",
"
Plain Concepts ",250 - 999,2006,$100 - $149 / hr,"
,Redmond, NC ","$25,000+",
"
Dundas Data ",50 - 249,1992,$25 - $49 / hr,"
,Toronto, Canada ","$25,000+",
"
Iterio Data ",9-Feb,2014,$25 - $49 / hr,"
,, Poland ","$25,000+",
"
Winvest Technology Consultancy Services Pvt Ltd ",250 - 999,2016,$50 - $99 / hr,"
,Hyderabad, India ","$25,000+",
"
BrainScale Inc ",50 - 249,2007,Undisclosed,"
,Princeton, NJ ",Undisclosed,
"
Apptad ",250 - 999,2013,$150 - $199 / hr,"
,Reston, VA ","$50,000+",
"
AGIT ",250 - 999,1983,Undisclosed,"
,Jakarta, Indonesia ",Undisclosed,
"
Spindox ",250 - 999,2007,$100 - $149 / hr,"
,Milan, Italy ","$5,000+",
"
Agilisium ",50 - 249,2013,$25 - $49 / hr,"
,Los Angeles, CA ","$10,000+",
"
Astragraphia ",250 - 999,1976,Undisclosed,"
,Jakarta, Indonesia ",Undisclosed,
"
Growth Acceleration Partners ",250 - 999,2007,$50 - $99 / hr,"
,Austin, TX ","$250,000+",
"
HPT Vietnam Corporation ",250 - 999,1995,$100 - $149 / hr,"
,Ho Chi Minh City, Vietnam ","$5,000+",
"
ITMAGINATION ",250 - 999,2008,$50 - $99 / hr,"
,Warsaw, Poland ","$50,000+",
"
HuaRui.AI ",50 - 249,2017,$100 - $149 / hr,"
,Beijing, China ","$5,000+",
"
ISO Software Systems Inc. ",250 - 999,1979,Undisclosed,"
,Montreal, Canada ",Undisclosed,
"
ProSys Information Systems ",250 - 999,1997,Undisclosed,"
,Norcross, GA ",Undisclosed,
"
Planaxis | Groupaxis ",50 - 249,1997,$50 - $99 / hr,"
,Montreal, Canada ","$1,000+",
"
South Gate Tech Ltd. ",Oct-49,2017,$50 - $99 / hr,"
,Sofia City, Bulgaria ","$5,000+",
"
Softcom Systems Inc ",50 - 249,1997,Undisclosed,"
,Princeton, NJ ",Undisclosed,
"
Entelect ",250 - 999,2001,Undisclosed,"
,Melrose Arch, Gauteng, South Africa ",Undisclosed,
"
Orasi Software ",250 - 999,2002,Undisclosed,"
,Greensboro, NC ",Undisclosed,
"
Vekia ",50 - 249,2008,$100 - $149 / hr,"
,Lille, France ","$5,000+",
"
Globonix, Inc. ",9-Feb,2004,$25 - $49 / hr,"
,Chicago, IL ","$10,000+",
"
NewVantage Partners ",Oct-49,2001,$100 - $149 / hr,"
,Boston, MA ","$10,000+",
"
Entrada LLC ",Oct-49,2015,$50 - $99 / hr,"
,Santa Fe, NM ","$10,000+",
"
ApacheBooster ",9-Feb,2007,Undisclosed,"
,Kochi, India ",Undisclosed,
"
Computation Ltd ",9-Feb,2001,Undisclosed,"
,Toronto, Canada ",Undisclosed,
"
InfoObjects Inc. ",50 - 249,2005,$50 - $99 / hr,"
,San Jose, CA ","$1,000+",
"
Applied Data Science ",9-Feb,2016,$150 - $199 / hr,"
,London, United Kingdom ","$10,000+",
"
Symtrex Inc. ",9-Feb,1988,Undisclosed,"
,Toronto, Canada ",Undisclosed,
"
Rang Technologies Inc ",9-Feb,2005,Undisclosed,"
,Piscataway, NJ ",Undisclosed,
"
Topia Technology ",9-Feb,1999,Undisclosed,"
,Tacoma, WA ",Undisclosed,
"
InAtlas ",9-Feb,2010,Undisclosed,"
,Barcelona, Spain ",Undisclosed,
"
Methys ",50 - 249,2004,Undisclosed,"
,Paris, France ",Undisclosed,
"
Polymont IT Services ",250 - 999,2009,$100 - $149 / hr,"
,Courbevoie, France ","$5,000+",
"
Rexer Analytics ",9-Feb,2002,$100 - $149 / hr,"
,Winchester, MA ","$10,000+",
"
Kyligence Inc. ",50 - 249,2016,$100 - $149 / hr,"
,Shanghai, China ","$5,000+",
"
QingCloud ",50 - 249,2012,$25 - $49 / hr,"
,Beijing, China ","$5,000+",
"
270 Strategies ",50 - 249,2013,$100 - $149 / hr,"
,Chicago, IL ","$10,000+",
"
Genpro Research ",50 - 249,2016,< $25 / hr,"
,East Walpole, MA ","$1,000+",
"
Jordan Business Systems ",50 - 249,2005,$100 - $149 / hr,"
,Amman, Jordan ","$10,000+",
"
White Box Analytics Pty Limited ",9-Feb,2014,$50 - $99 / hr,"
,Sydney, Australia ","$1,000+",
"
Diatom ",9-Feb,2010,Undisclosed,"
,Boston, MA  ",Undisclosed,
"
Georgia Blockchain Coalition ",9-Feb,2018,Undisclosed,"
,Atlanta, GA ",Undisclosed,
"
Endeavour Solutions Inc ",Oct-49,1989,$50 - $99 / hr,"
,Mississauga, Canada ","$1,000+",
"
IIH Nordic ",50 - 249,2005,$150 - $199 / hr,"
,Copenhagen, Denmark ","$10,000+",
"
Team Networks ",9-Feb,1975,Undisclosed,"
,Casper, WY ",Undisclosed,
"
Salt City Tech ",9-Feb,2017,Undisclosed,"
,, UT ",Undisclosed,
"
Red Pill Analytics ",Oct-49,2014,$50 - $99 / hr,"
,Wilmington, NC ","$1,000+",
"
Relatech Srl ",50 - 249,2001,$100 - $149 / hr,"
,Cinisello Balsamo, Italy ","$5,000+",
"
BOLDMIND ",9-Feb,2012,Undisclosed,"
,London, United Kingdom ",Undisclosed,
"
Heritage Computer Consulting & Services Inc ",9-Feb,1991,Undisclosed,"
,Overland Park, KS ",Undisclosed,
"
OPULENTSOFT LLC ",9-Feb,2010,Undisclosed,"
,Hamilton, NJ ",Undisclosed,
"
Jobcase, Inc. ",50 - 249,2009,Undisclosed,"
,Cambridge, MA ",Undisclosed,
"
Corvus Computers ",9-Feb,2015,Undisclosed,"
,South Lake City, UT ",Undisclosed,
"
BluuData Labs ",9-Feb,2009,$50 - $99 / hr,"
,Surrey, Canada ","$25,000+",
"
Build Then Market ",9-Feb,2016,Undisclosed,"
,New Brunswick, NJ ",Undisclosed,
"
Pythian ",250 - 999,1997,$300+ / hr,"
,Ottawa, Canada ","$25,000+",
"
InsideSales.com ",250 - 999,2004,Undisclosed,"
,Provo, UT ",Undisclosed,
"
XSKY Data Technology ",Oct-49,2015,$50 - $99 / hr,"
,Beijing, China ","$5,000+",
"
Interpersonal Frequency ",Oct-49,2009,$150 - $199 / hr,"
,Tysons, VA ","$25,000+",
"
Elucidate ",9-Feb,2018,$100 - $149 / hr,"
,Johannesburg, South Africa ","$10,000+",
"
Constant Leads ",9-Feb,2017,Undisclosed,"
,Dubai, United Arab Emirates ","$1,000+",
"
MediaBase Direct Limited ",Oct-49,1996,$150 - $199 / hr,"
,London, United Kingdom ","$10,000+",
"
Aviana Global ",Oct-49,1994,$100 - $149 / hr,"
,Brea, CA ","$10,000+",
"
Edgematics Technologies ",Oct-49,2010,$25 - $49 / hr,"
,Dubai, United Arab Emirates ","$50,000+",
"
Orès Data Science ",9-Feb,2016,Undisclosed,"
,Montreal, Canada ",Undisclosed,
"
Paradigma Digital ",250 - 999,2007,$25 - $49 / hr,"
,Pozuelo de Alarcón - Madrid, Spain ","$5,000+",
"
RBA Consulting ",250 - 999,2006,$25 - $49 / hr,"
,Wayzata, MN ","$5,000+",
"
Stone Age ",Oct-49,2006,Undisclosed,"
,Rio de Janeiro, Brazil ",Undisclosed,
"
COMERIT, INC. ",Oct-49,2007,Undisclosed,"
,El Dorado Hills, CA ",Undisclosed,
"
Integration Alpha GmbH ",Oct-49,2014,Undisclosed,"
,Cham, Switzerland ",Undisclosed,
"
Conduit Innovation ",Oct-49,2016,Undisclosed,"
,Boston, MA ",Undisclosed,
"
Marionete ",Oct-49,2016,$50 - $99 / hr,"
,London, United Kingdom ","$25,000+",
"
Praesto Consulting ",Oct-49,2009,$100 - $149 / hr,"
,London, United Kingdom ","$5,000+",
"
Mandic Cloud Solutions ",50 - 249,1990,Undisclosed,"
,São Paulo, Brazil ",Undisclosed,
"
Geosoft ",50 - 249,1986,Undisclosed,"
,Rio de Janeiro, Brazil ",Undisclosed,
"
Catapult Systems ",250 - 999,1993,$100 - $149 / hr,"
,Austin, TX ","$5,000+",
"
China Cache ",250 - 999,1998,$25 - $49 / hr,"
,Beijing, China ","$1,000+",
"
Paradigma ",250 - 999,2007,$25 - $49 / hr,"
,Madrid, Spain ","$5,000+",
"
Creative Anvil ",Oct-49,2015,Undisclosed,"
,St. Louis, MO ","$10,000+",
"
DeepBrain ",Oct-49,2017,$50 - $99 / hr,"
,Shanghai, China ","$5,000+",
"
Ruths.ai ",Oct-49,2013,Undisclosed,"
,Houston, TX ",Undisclosed,
"
Elevate-Global ",Oct-49,2017,$50 - $99 / hr,"
,Skopje, Macedonia ","$10,000+",
"
SFL Scientific ",Oct-49,2015,Undisclosed,"
,Walpole, MA ","$5,000+",
"
Mobilewalla ",50 - 249,2011,Undisclosed,"
,Atlanta, GA ",Undisclosed,
"
iThink Panama ",Oct-49,2007,Undisclosed,"
,Panama, Panama ",Undisclosed,
"
ScalHive LLC ",Oct-49,2016,$50 - $99 / hr,"
,Ternopil, Ukraine ","$10,000+",
"
NCTech ",50 - 249,2010,Undisclosed,"
,Edinburgh, United Kingdom ",Undisclosed,
"
Peak Indicators ",50 - 249,2008,$100 - $149 / hr,"
,Chesterfield, United Kingdom ","$5,000+",
"
Essextec ",50 - 249,1994,Undisclosed,"
,Rochelle Park, NJ ",Undisclosed,
"
UEC Group ",250 - 999,2001,$100 - $149 / hr,"
,Beijing, China ","$5,000+",
"
Bagley Consulting Group ",Oct-49,2004,Undisclosed,"
,Birmingham, AL ",Undisclosed,
"
TQIntelligence, Inc. ",Oct-49,2016,Undisclosed,"
,Atlanta, GA ",Undisclosed,
"
8KMiles ",250 - 999,2007,$100 - $149 / hr,"
,San Ramon, CA ","$5,000+",
"
Cuelogic Technologies ",250 - 999,2007,$25 - $49 / hr,"
,New York, NY ","$25,000+",
"
Dakota Analytics ",Oct-49,2000,$50 - $99 / hr,"
,Calgary, Canada ","$1,000+",
"
Resolute Technologies ",Oct-49,1998,$100 - $149 / hr,"
,Schaumburg, IL ","$10,000+",
"
CXO Corporation ",Oct-49,2006,Undisclosed,"
,Burlington, Canada ",Undisclosed,
"
eAlchemy ",Oct-49,2009,$100 - $149 / hr,"
,Petaluma, CA ",Undisclosed,
"
Cloud Technology Partners ",50 - 249,2009,Undisclosed,"
,Boston, MA ",Undisclosed,
"
TCG ",50 - 249,1994,Undisclosed,"
,Washington, DC ",Undisclosed,
"
DS Stream ",50 - 249,2017,$50 - $99 / hr,"
,Warsaw, Poland ","$10,000+",
"
Column Technologies ",250 - 999,1998,$100 - $149 / hr,"
,Lombard, IL ","$5,000+",
"
Adastra Corporation ",250 - 999,2000,$100 - $149 / hr,"
,Markham, Canada ","$25,000+",
"
BIAS Corporation ",250 - 999,2000,$100 - $149 / hr,"
,Roswell, GA ","$5,000+",
"
Unico ",250 - 999,1984,Undisclosed,"
,Melbourne, Australia ",Undisclosed,
"
Kavayah Solutions Inc ",Oct-49,2006,Undisclosed,"
,Princeton, NJ ",Undisclosed,
"
BitRefine Group ",Oct-49,2013,$150 - $199 / hr,"
,Hong Kong, Hong Kong S.A.R., China ","$25,000+",
"
VideoPlusPlus ",50 - 249,2012,$25 - $49 / hr,"
,Shanghai, China ","$1,000+",
"
Intone Networks ",50 - 249,2003,Undisclosed,"
,Iselin, NJ ",Undisclosed,
"
UFINET ",50 - 249,1998,Undisclosed,"
,Madrid, Spain ",Undisclosed,
"
Comrise ",50 - 249,1984,Undisclosed,"
,Woodbridge, NJ ",Undisclosed,
"
UDig ",50 - 249,2001,Undisclosed,"
,Richmond, VA ",Undisclosed,
"
Charter Global ",250 - 999,1994,Undisclosed,"
,Atlanta, GA ",Undisclosed,
"
Techlogix ",250 - 999,1996,Undisclosed,"
,Woburn, MA ",Undisclosed,
"
Inspired Thinking Group ",250 - 999,2009,$150 - $199 / hr,"
,Birmingham, United Kingdom ","$10,000+",
"
FACTWEAVERS ",Oct-49,2014,< $25 / hr,"
,Cochin, India ","$1,000+",
"
Arria NLG plc ",50 - 249,2013,Undisclosed,"
,Londres, United Kingdom ",Undisclosed,
"
Ironside ",50 - 249,1999,$100 - $149 / hr,"
,Lexington, MA ","$10,000+",
"
iVision ",50 - 249,2004,$100 - $149 / hr,"
,Atlanta, GA ","$5,000+",
"
PCMS Datafit ",250 - 999,1994,$100 - $149 / hr,"
,Coventry, United Kingdom ","$5,000+",
"
Polestar Solutions & Services ",50 - 249,2012,$25 - $49 / hr,"
,Noida, India ","$5,000+",
"
BCS Technology International Pty Ltd ",250 - 999,2001,$150 - $199 / hr,"
,Sydney, Australia ","$10,000+",
"
ATCS ",250 - 999,2000,$100 - $149 / hr,"
,Montvale, NJ ","$5,000+",
"
OPTIMIZA ",250 - 999,1983,$100 - $149 / hr,"
,Amman, Jordan ","$10,000+",
"
Ripjar ",50 - 249,2012,Undisclosed,"
,Gloucestershire, United Kingdom ",Undisclosed,
"
Tangerine Software Inc ",50 - 249,1992,Undisclosed,"
,Saint-Laurent, Canada ",Undisclosed,
"
Evanhoe & Associates ",50 - 249,1996,Undisclosed,"
,Dayton, OH ",Undisclosed,
"
Zeke ",50 - 249,2006,$25 - $49 / hr,"
,Santiago, Chile ","$5,000+",
"
Beijing SYSWARE Technology Co., LTD ",250 - 999,2006,$100 - $149 / hr,"
,Beijing, China ","$5,000+",
"
Saicon Consultants Inc ",250 - 999,1998,Undisclosed,"
,Overland Park, KS ",Undisclosed,
"
Boost Labs ",Oct-49,2009,$100 - $149 / hr,"
,Gaithersburg, MD ","$10,000+",
"
IBCS-Primax Software Bangladesh Ltd. ",50 - 249,1989,Undisclosed,"
,Dhaka, Bangladesh ",Undisclosed,
"
Primitive Logic ",50 - 249,1984,$100 - $149 / hr,"
,San Francisco, CA ","$10,000+",
"
STA Group ",50 - 249,2002,$100 - $149 / hr,"
,Chicago, IL ","$10,000+",
"
EflyCloud ",50 - 249,2007,< $25 / hr,"
,Foshan, China ",Undisclosed,
"
The Berkeley Partnership ",50 - 249,1990,$50 - $99 / hr,"
,London, United Kingdom ","$1,000+",
"
Ross Technologies, (RTGX) ",50 - 249,1997,$150 - $199 / hr,"
,Baltimore, MD ","$25,000+",
"
ProSync Technology Group ",50 - 249,2000,$150 - $199 / hr,"
,Ellicott City, MD ","$25,000+",
"
Altron Karabina ",50 - 249,2001,$50 - $99 / hr,"
,Fourways, South Africa ","$10,000+",
"
SQUADEX ",250 - 999,2016,Undisclosed,"
,Palo Alto, CA ",Undisclosed,
"
MidLink Computing ",Oct-49,2000,$150 - $199 / hr,"
,Ramat Gan, Israel ","$10,000+",
"
Hegemony Consulting Group ",Oct-49,1995,Undisclosed,"
,Downers Grove, IL ",Undisclosed,
"
DigiTime ",50 - 249,2010,$25 - $49 / hr,"
,Shenzhen, China ","$1,000+",
"
Vibrant, Inc. ",9-Feb,2000,Undisclosed,"
,Princeton, NJ ",Undisclosed,
"
Xentaurs ",Oct-49,2016,$50 - $99 / hr,"
,Santa Ana, CA ","$1,000+",
"
Punto Visual ",50 - 249,1979,$100 - $149 / hr,"
,Lima, Peru ","$5,000+",
"
Amigo Corporation ",50 - 249,2005,$100 - $149 / hr,"
,Hanoi, Vietnam ","$10,000+",
"
core3 ",50 - 249,2009,$25 - $49 / hr,"
,Warsaw, Poland ","$10,000+",
"
Centurical ",50 - 249,2006,$150 - $199 / hr,"
,Brussels, Belgium ","$5,000+",
"
Pachira Information Technology ",50 - 249,2009,$50 - $99 / hr,"
,Beijing, China ","$5,000+",
"
Praxis Computing ",50 - 249,1993,Undisclosed,"
,Johannesburg, Gauteng, South Africa ",Undisclosed,
"
COREBI SA ",50 - 249,2006,$100 - $149 / hr,"
,Buenos Aires, Argentina ","$10,000+",
"
OpSmart Tech ",50 - 249,2009,$25 - $49 / hr,"
,Beijing, China ","$1,000+",
"
Verticurl ",250 - 999,2006,$100 - $149 / hr,"
,Shibuya-ku, Tokyo, Japan ","$5,000+",
"
Frontera Consulting ",50 - 249,2008,$50 - $99 / hr,"
,New York, NY ","$1,000+",
"
Modulant ",50 - 249,1989,Undisclosed,"
,North Charleston, SC ",Undisclosed,
"
AEQUICENS ",9-Feb,2018,$200 - $300 / hr,"
,Geneva, Switzerland ","$25,000+",
"
NEXGEN IT Solutions ",9-Feb,1976,Undisclosed,"
,Metuchen, NJ ",Undisclosed,
"
NDOT Technologies ",50 - 249,2008,Undisclosed,"
,Sunnyvale, CA ",Undisclosed,
"
Klein Consulting, LLC ",Oct-49,2016,$50 - $99 / hr,"
,Chicago, IL ","$1,000+",
"
Radius Intelligence ",Oct-49,2008,$150 - $199 / hr,"
,San Francisco, CA ",Undisclosed,
"
IRIS Technology ",Oct-49,2009,Undisclosed,"
,Amman, Jordan ",Undisclosed,
"
Qiniu Cloud ",50 - 249,2011,$25 - $49 / hr,"
,Shanghai, China ","$1,000+",
"
SpeedyCloud ",50 - 249,2012,$25 - $49 / hr,"
,Beijing, China ","$1,000+",
"
PetabytZ Technologies Inc ",50 - 249,2016,$100 - $149 / hr,"
,Edison, NJ ","$10,000+",
"
ProfitWell ",50 - 249,2012,Undisclosed,"
,Boston, MA ",Undisclosed,
"
Zyber ",Oct-49,2009,$25 - $49 / hr,"
,Auckland, New Zealand ","$5,000+",
"
Clarity Campaign Labs, LLC ",9-Feb,2012,Undisclosed,"
,Washington, DC ",Undisclosed,
"
Tongdun ",250 - 999,2013,$100 - $149 / hr,"
,Hangzhou, China ","$5,000+",
"
Tandem Support Services ",50 - 249,2018,Undisclosed,"
,Cheyenne, WY ",Undisclosed,
"
COMPAREX ",50 - 249,2003,$100 - $149 / hr,"
,Brussels, Belgium ","$5,000+",
"
Cogito Corp ",50 - 249,2007,Undisclosed,"
,Boston, MA ",Undisclosed,
"
Territorio Creativo ",50 - 249,1997,$25 - $49 / hr,"
,Madrid, Spain ","$5,000+",
"
MosaicTech ",Oct-49,2015,$50 - $99 / hr,"
,Cape Town, South Africa ","$1,000+",
"
Ebiz-fooge ",250 - 999,2008,$25 - $49 / hr,"
,Tianjin, China ","$10,000+",
"
DAEM SA ",Oct-49,1983,$100 - $149 / hr,"
,athens, Greece ","$10,000+",
"
Croesus ",50 - 249,1987,Undisclosed,"
,Laval, Canada ",Undisclosed,
"
Axoni ",50 - 249,2015,Undisclosed,"
,New York, NY ",Undisclosed,
"
Good Rebels ",50 - 249,1997,$150 - $199 / hr,"
,Madrid, Spain ","$10,000+",
"
Attest ",50 - 249,2015,Undisclosed,"
,London, United Kingdom ",Undisclosed,
"
CleanTelligent Software ",50 - 249,2003,Undisclosed,"
,Provo,, UT ",Undisclosed,
"
Advaiya Solutions ",50 - 249,2005,$25 - $49 / hr,"
,Bellevue, WA ","$10,000+",
"
ActiveWizards ",Oct-49,2004,$25 - $49 / hr,"
,, Ukraine ","$1,000+",
"
APEX Technologies ",50 - 249,2011,$50 - $99 / hr,"
,Shanghai, China ","$1,000+",
"
Corporate Technologies ",50 - 249,1994,Undisclosed,"
,Burlington, MA ",Undisclosed,
"
ClearEdge IT Solutions ",50 - 249,2002,$150 - $199 / hr,"
,Jessup, MD ","$25,000+",
"
PalmSoft Tecnologia ",Oct-49,2002,Undisclosed,"
,Florianópolis, Brazil ",Undisclosed,
"
Ad Fingers ",Oct-49,2008,$100 - $149 / hr,"
,Vilnius, Lithuania ","$5,000+",
"
Elegant MicroWeb ",50 - 249,1996,< $25 / hr,"
,Ahmedabad, India ","$5,000+",
"
DevPace ",Oct-49,2017,$50 - $99 / hr,"
,Kharkiv, Ukraine ","$5,000+",
"
The Baer Group ",50 - 249,1997,Undisclosed,"
,Atlanta, GA ",Undisclosed,
"
LARION ",50 - 249,2003,$100 - $149 / hr,"
,Ho Chi Minh City, Vietnam ","$5,000+",
"
Simantel ",50 - 249,1980,Undisclosed,"
,Peoria, IL ",Undisclosed,
"
DataSine ",Oct-49,2015,Undisclosed,"
,London, United Kingdom ",Undisclosed,
"
Tekoa ",Oct-49,2013,Undisclosed,"
,Florianópolis, Brazil ",Undisclosed,
"
Deevita ",Oct-49,2014,Undisclosed,"
,Redmond, WA ",Undisclosed,
"
ethosIQ ",Oct-49,2009,Undisclosed,"
,Houston, TX ",Undisclosed,
"
ARS DATA ",9-Feb,2016,$50 - $99 / hr,"
,Kyiv, Ukraine ","$5,000+",
"
ICONSULTING ",50 - 249,2001,$100 - $149 / hr,"
,Casalecchio di Reno BO, Italy ","$5,000+",
"
Mariner ",50 - 249,2003,Undisclosed,"
,Saint John, Canada ",Undisclosed,
"
Access One ",50 - 249,1993,Undisclosed,"
,Chicago, IL ",Undisclosed,
"
Innovative Software Engineering ",50 - 249,2002,Undisclosed,"
,Coralville, IA ",Undisclosed,
"
Alphalogic Techsys Limited ",50 - 249,2008,$25 - $49 / hr,"
,Arlington, VA ","$25,000+",
"
DataCrops Software Pvt. Ltd. ",50 - 249,2017,$25 - $49 / hr,"
,Ahmedabad, India ","$10,000+",
"
Health iQ ",Oct-49,2010,$150 - $199 / hr,"
,London, United Kingdom ","$10,000+",
"
Alvarez Technology Group ",Oct-49,2001,$100 - $149 / hr,"
,Salinas, CA ","$5,000+",
"
neusta consulting ",Oct-49,2008,Undisclosed,"
,Munich, Germany ",Undisclosed,
"
Order Of Code ",Oct-49,2010,$25 - $49 / hr,"
,Przemyśl, Poland ",Undisclosed,
"
Tower Technologies ",Oct-49,2001,$25 - $49 / hr,"
,Lahore, Pakistan ","$5,000+",
"
Bright Hat ",Oct-49,2010,$100 - $149 / hr,"
,Minneapolis, MN ","$10,000+",
"
ATS Vietnam ",50 - 249,2001,$100 - $149 / hr,"
,Ho Chi Minh City, Vietnam ","$10,000+",
"
Hazy ",Oct-49,2017,Undisclosed,"
,London, United Kingdom ",Undisclosed,
"
INFINITE UPTIME ",Oct-49,2015,$25 - $49 / hr,"
,Pune, India ","$5,000+",
"
Lionshare Marketing ",Oct-49,1995,Undisclosed,"
,Overland Park, KS ",Undisclosed,
"
Momentum3 ",Oct-49,2014,Undisclosed,"
,Tulsa, OK ",Undisclosed,
"
BTT Cloud ",Oct-49,2007,Undisclosed,"
,Vilnius, ",Undisclosed,
"
Nexus Innovations ",Oct-49,2001,Undisclosed,"
,Fargo, ND ",Undisclosed,
"
Genesis Networks ",50 - 249,2001,Undisclosed,"
,Singapore, Singapore ",Undisclosed,
"
Infodat ",50 - 249,1996,$100 - $149 / hr,"
,Houston, TX ","$10,000+",
"
ConnectPoint ",50 - 249,2010,Undisclosed,"
,Warsaw, Poland ",Undisclosed,
"
Zirous ",50 - 249,1986,Undisclosed,"
,West Des Moines, IA ",Undisclosed,
"
re:infer ",Oct-49,2015,Undisclosed,"
,London, United Kingdom ",Undisclosed,
"
Eigen Innovations Inc. ",Oct-49,2012,Undisclosed,"
,Fredericton, Canada ",Undisclosed,
"
WCI Consulting ",Oct-49,1998,$100 - $149 / hr,"
,Plano, TX  ","$10,000+",
"
Ayata ",Oct-49,2009,Undisclosed,"
,Houston, TX ",Undisclosed,
"
BISP Solutions Inc. ",Oct-49,2011,$25 - $49 / hr,"
,Bhopal, India ","$1,000+",
"
Graviton Consulting Services ",Oct-49,2010,Undisclosed,"
,Sacramento, CA ",Undisclosed,
"
Method Analytics Ltd ",9-Feb,2016,$150 - $199 / hr,"
,Leeds, United Kingdom ","$10,000+",
"
Valdon Group GmbH ",9-Feb,2015,$100 - $149 / hr,"
,Zurich, Switzerland ","$10,000+",
"
Live800 ",50 - 249,2003,< $25 / hr,"
,Chengdu, China ","$1,000+",
"
ProTech Systems Group, Inc. ",50 - 249,1992,Undisclosed,"
,Memphis, TN ",Undisclosed,
"
octo ",50 - 249,1999,< $25 / hr,"
,Paris, France ",Undisclosed,
"
SMX Services & Consulting ",50 - 249,1997,$25 - $49 / hr,"
,Miami, FL ","$5,000+",
"
Sageable Technologies ",50 - 249,2003,Undisclosed,"
,Albany, NY ",Undisclosed,
"
Solmit ",Oct-49,2015,$100 - $149 / hr,"
,Lima, Peru ","$10,000+",
"
GO-SHARP ",Oct-49,2011,Undisclosed,"
,Mexico City, Mexico ","$5,000+",
"
Morris & Opazo ",Oct-49,2005,Undisclosed,"
,Las Condes Santiago, Chile ",Undisclosed,
"
Sigmoid Group ",Oct-49,2018,Undisclosed,"
,Elmwood Park, NJ ","$10,000+",
"
South River Technologies ",Oct-49,2001,Undisclosed,"
,Annapolis, MD ",Undisclosed,
"
Kanerika Inc ",50 - 249,2015,$50 - $99 / hr,"
,Hyderabad, India ","$50,000+",
"
Ecotech ",50 - 249,2000,$25 - $49 / hr,"
,Pune, India ","$10,000+",
"
M.IT Services Srl ",Oct-49,2008,$100 - $149 / hr,"
,Milan, Italy ","$5,000+",
"
Otra Tech ",9-Feb,2010,Undisclosed,"
,Laramie, WY ",Undisclosed,
"
Stellar Programming & Consulting, Inc ",9-Feb,1985,Undisclosed,"
,Casper, WY ",Undisclosed,
"
2KLIC - Open IoT Solution ",Oct-49,2012,Undisclosed,"
,Laval, Canada ",Undisclosed,
"
Intellinet Atlanta ",50 - 249,1993,$100 - $149 / hr,"
,Atlanta, GA ","$5,000+",
"
Springbot ",50 - 249,2012,Undisclosed,"
,Atlanta, GA ",Undisclosed,
"
EZshield ",50 - 249,2001,Undisclosed,"
,Nottingham, MD ",Undisclosed,
"
Gurucul ",50 - 249,2010,$150 - $199 / hr,"
,El Segundo, CA ","$10,000+",
"
EastBanc Technologies ",50 - 249,1999,Undisclosed,"
,Washington, DC ",Undisclosed,
"
Entrance: Software Consulting ",Oct-49,1993,$150 - $199 / hr,"
,Houston, TX ","$5,000+",
"
eLuminous Technologies Pvt Ltd ",50 - 249,2002,< $25 / hr,"
,Nashik, India ","$5,000+",
"
Mnubo ",50 - 249,2012,$50 - $99 / hr,"
,Mont-Royal QC, Canada ","$10,000+",
"
HyTechPro ",50 - 249,2004,$25 - $49 / hr,"
,Washington, DC ",Undisclosed,
"
Delaware Managed Services and IT Consulting, Inc ",Oct-49,2010,Undisclosed,"
,Taguig City, Philippines ",Undisclosed,
"
ICSC Corporation ",Oct-49,2006,$100 - $149 / hr,"
,Ho Chi Minh City, Vietnam ","$5,000+",
"
RTS Labs ",Oct-49,2012,$25 - $49 / hr,"
,Glen Allen, VA ","$5,000+",
"
Joshua Wilson Consulting ",Freelancer,2014,$100 - $149 / hr,"
,Indianapolis, IN ","$1,000+",
"
Stonehill ",Oct-49,2015,$200 - $300 / hr,"
,Tampa, FL ","$25,000+",
"
Zapalean ",9-Feb,2016,$50 - $99 / hr,"
,Berlin, ","$1,000+",
"
The Chertoff Group ",50 - 249,2009,$200 - $300 / hr,"
,Washington, DC ","$25,000+",
"
Shadow-Soft ",Oct-49,2008,$100 - $149 / hr,"
,Atlanta, GA ","$5,000+",
"
Object Sharp ",Oct-49,2001,$100 - $149 / hr,"
 ,Toronto, Canada ","$10,000+",
"
Illumiti ",50 - 249,2000,$100 - $149 / hr,"
,Thornhill, Canada ","$5,000+",
"
V2Soft Private Limited ",50 - 249,1998,Undisclosed,"
,McLean, VA ",Undisclosed,
"
StrategyWise ",Oct-49,2013,Undisclosed,"
,Birmingham, AL ",Undisclosed,
"
B2B Technologies ",Oct-49,1998,$100 - $149 / hr,"
,Atlanta, GA ","$5,000+",
"
Briskon Technologies ",Oct-49,2005,< $25 / hr,"
,Bangalore, India ","$5,000+",
"
Pyxle International ",50 - 249,2003,$25 - $49 / hr,"
,Colombo 5, Sri Lanka ","$25,000+",
"
Fintricity ",9-Feb,2001,$100 - $149 / hr,"
,London, United Kingdom ","$1,000+",
"
Qymatix Solutions GmbH ",9-Feb,2013,$150 - $199 / hr,"
,Karlsruhe, Germany ","$25,000+",
"
Neos IT Services ",9-Feb,2005,Undisclosed,"
,Munich, Germany ",Undisclosed,
"
10th Magnitude ",50 - 249,2010,$100 - $149 / hr,"
,Chicago, IL ","$5,000+",
"
DMC, Inc. ",50 - 249,1996,$100 - $149 / hr,"
,Chicago, IL ","$25,000+",
"
TurnKey Lender ",50 - 249,2014,Undisclosed,"
,Singapore, Singapore ","$1,000+",
"
PPTS Solutions ",50 - 249,2001,$25 - $49 / hr,"
,Coimbatore, India ",Undisclosed,
"
Plasma Computing Group ",50 - 249,2002,$150 - $199 / hr,"
,Dallas, TX ","$10,000+",
"
Arcus Global ",50 - 249,2009,$100 - $149 / hr,"
,Cambridge, United Kingdom ","$5,000+",
"
Dapasoft ",50 - 249,1997,$25 - $49 / hr,"
,Toronto, Canada ","$25,000+",
"
Finatext ",Oct-49,2013,$100 - $149 / hr,"
,Tokyo, Japan ","$5,000+",
"
CrowdEmotion ",9-Feb,2013,Undisclosed,"
,London, United Kingdom ",Undisclosed,
"
1-Net Singapore Pte Ltd ",50 - 249,1997,Undisclosed,"
,Singapore, Singapore ",Undisclosed,
"
Rayvision ",50 - 249,2004,$25 - $49 / hr,"
,Shenzhen, China ","$1,000+",
"
Ben Lomand Connect ",50 - 249,1954,Undisclosed,"
,McMinnville, TN ",Undisclosed,
"
Advanced Network Solutions ",50 - 249,1997,Undisclosed,"
,Nashville, TN ",Undisclosed,
"
6Point6 ",50 - 249,2012,$100 - $149 / hr,"
,London, United Kingdom ","$5,000+",
"
Atlantbh ",50 - 249,2000,Undisclosed,"
,Sarajevo, Bosnia and Herzegovina ","$5,000+",
"
Sparkhound ",50 - 249,1998,Undisclosed,"
,Baton Rouge, LA ",Undisclosed,
"
GoPomelo ",Oct-49,2008,Undisclosed,"
,Bangkok, Thailand ",Undisclosed,
"
Xorlogics ",Oct-49,2001,$100 - $149 / hr,"
,Brussels, Belgium ","$10,000+",
"
Mellon Consulting Group ",Oct-49,2008,$100 - $149 / hr,"
,Germantown, TN ","$5,000+",
"
BigR.io ",Oct-49,2013,$100 - $149 / hr,"
,Boston, MA ","$10,000+",
"
6Estates ",Oct-49,2014,Undisclosed,"
,Singapore, Singapore ",Undisclosed,
"
Delve ",Oct-49,2007,Undisclosed,"
,Boulder, CO ",Undisclosed,
"
RNB Group Limited ",Oct-49,2005,$150 - $199 / hr,"
,Leeds, United Kingdom ","$10,000+",
"
Urban Tide ",9-Feb,2014,Undisclosed,"
,Edinburgh, United Kingdom ",Undisclosed,
"
Cinchapi ",9-Feb,2016,Undisclosed,"
,Atlanta, GA ",Undisclosed,
"
Cloopen ",50 - 249,2009,$25 - $49 / hr,"
,Beijing, China ","$1,000+",
"
Stone Soup Tech Solutions, LLC ",50 - 249,2003,$100 - $149 / hr,"
,Griffin, GA ","$10,000+",
"
AppLike ",50 - 249,2017,$100 - $149 / hr,"
,Hamburg, Germany ","$5,000+",
"
ixStrata, Inc. ",50 - 249,2011,$100 - $149 / hr,"
,Santa Monica, CA ","$75,000+",
"
UnifyCloud LLC ",50 - 249,2009,$150 - $199 / hr,"
,Redmond, WA ","$5,000+",
"
MTBIT ",Oct-49,2018,< $25 / hr,"
,Tallinn, Estonia ","$250,000+",
"
Freedom Consulting Group, Inc. ",50 - 249,2004,$150 - $199 / hr,"
,Columbia, MD ","$25,000+",
"
BenevolentAI ",50 - 249,2013,Undisclosed,"
,London, United Kingdom ",Undisclosed,
"
Interworks ",50 - 249,1996,$100 - $149 / hr,"
,Stillwater, OK ","$10,000+",
"
Activate ",Oct-49,2010,$100 - $149 / hr,"
,New York, NY ","$10,000+",
"
Laser Focus Data ",9-Feb,2018,$25 - $49 / hr,"
,London, United Kingdom ","$1,000+",
"
Adagio Tech ",Oct-49,2009,Undisclosed,"
,Iturriaga, Uruguay ",Undisclosed,
"
Adaptive Systems ",9-Feb,2003,$100 - $149 / hr,"
,Princeton, NJ ","$5,000+",
"
IDeepeners Private Limited ",9-Feb,2018,$25 - $49 / hr,"
,Jaipur, India ",Undisclosed,
"
Mindspan Systems ",50 - 249,2001,Undisclosed,"
,Durham, NC ","$10,000+",
"
The Data Team ",Oct-49,2014,$50 - $99 / hr,"
,, Singapore ","$1,000+",
"
Develin ",9-Feb,1988,$50 - $99 / hr,"
,Milton Keynes, United Kingdom ","$1,000+",
"
Black Ink Technologies ",Oct-49,2012,$150 - $199 / hr,"
 ,Boston, MA ",Undisclosed,
"
C2G Partners ",50 - 249,2002,$100 - $149 / hr,"
,Newark, NJ ","$10,000+",
"
BI Brainz ",Oct-49,2014,$100 - $149 / hr,"
,Atlanta, GA ","$5,000+",
"
IntegraONE ",50 - 249,1990,Undisclosed,"
,Allentown, PA ",Undisclosed,
"
Aridhia Informatics Ltd ",50 - 249,2007,Undisclosed,"
,Edinburgh, United Kingdom ",Undisclosed,
"
JUSFOUN ",250 - 999,2011,$100 - $149 / hr,"
,Beijing, China ","$5,000+",
"
DYXnet ","1,000 - 9,999",1999,$25 - $49 / hr,"
,Kowloon, Hong Kong S.A.R., China ","$5,000+",
"
SequoiaDB ",250 - 999,2012,$50 - $99 / hr,"
,Beijing, China ","$5,000+",
"
DataVisor ",50 - 249,2013,$50 - $99 / hr,"
,Mountain View, CA ","$5,000+",
"
RVM Enterprises, Inc. ",50 - 249,1996,Undisclosed,"
,Jersey City, NJ ",Undisclosed,
"
Devfacto ",50 - 249,2007,$100 - $149 / hr,"
,Toronto, Canada ","$10,000+",
"
ZSL Inc ",50 - 249,1995,Undisclosed,"
,Edison, NJ ",Undisclosed,
"
Radiansys ",Oct-49,2007,$50 - $99 / hr,"
,Freemont, CA ","$5,000+",
"
Eisso ",250 - 999,2006,$100 - $149 / hr,"
,SHANGHAI, China ","$5,000+",
"
EverString ",50 - 249,2012,$100 - $149 / hr,"
,San Mateao, CA ","$5,000+",
"
DSTA ","1,000 - 9,999",2000,Undisclosed,"
,Singapore, Singapore ",Undisclosed,
"
Yonghong Tech ",50 - 249,2012,$25 - $49 / hr,"
,Beijing, China ","$1,000+",
"
ISM Canada ",250 - 999,2000,$50 - $99 / hr,"
,Regina, Canada ","$1,000+",
"
Analytics8 ",50 - 249,2002,$50 - $99 / hr,"
,Chicago, IL ","$1,000+",
"
Bridges Consulting ",50 - 249,2000,Undisclosed,"
,Hanover, MD ",Undisclosed,
"
Tiger Analytics ",Oct-49,2010,Undisclosed,"
,Santa Clara, CA ",Undisclosed,
"
Neal Analytics ",Oct-49,2011,$50 - $99 / hr,"
,Seattle, WA ","$1,000+",
"
Intellego ","1,000 - 9,999",1999,$25 - $49 / hr,"
,Ciudad de México, Mexico ","$5,000+",
"
Maine Pointe LLC ",250 - 999,2004,$300+ / hr,"
,Boston, MA ","$100,000+",
"
Data Bear ",9-Feb,2016,$50 - $99 / hr,"
,London, United Kingdom ","$1,000+",
"
Clarity Insights ",250 - 999,2008,$100 - $149 / hr,"
,Chicago, IL  ","$10,000+",
"
DecisionPath Consulting ",Oct-49,1977,$50 - $99 / hr,"
,Gaithersburg, MD ","$1,000+",
"
Solution BI ",50 - 249,2009,$50 - $99 / hr,"
,Paris, France ","$1,000+",
"
SetuServ ",50 - 249,2012,Undisclosed,"
,Morrisville, NC ",Undisclosed,
"
WINNER ",50 - 249,2004,$25 - $49 / hr,"
,Shanghai, China ","$5,000+",
"
Wangsu ","1,000 - 9,999",2000,$25 - $49 / hr,"
,Santa Clara, CA ","$5,000+",
"
Neoway Business Solutions ",250 - 999,2002,$100 - $149 / hr,"
,Florianópolis, Brazil ","$10,000+",
"
Datasource Consulting ",50 - 249,2005,$50 - $99 / hr,"
,Denver, CO ","$1,000+",
"
Poslovna Inteligencija ",50 - 249,2001,Undisclosed,"
,Zangreb, Croatia ",Undisclosed,
"
Cloudmoyo ",250 - 999,2015,$50 - $99 / hr,"
,Bellevue, WA ","$50,000+",
"
Internetrix ",Oct-49,2000,$150 - $199 / hr,"
,Wollongong, Australia ","$10,000+",
"
Contexti ",Oct-49,2012,$50 - $99 / hr,"
,Sydney, Australia ","$1,000+",
"
zData Inc. ",Oct-49,2012,Undisclosed,"
,San Francisco, CA ",Undisclosed,
"
Noah Data ",50 - 249,2013,< $25 / hr,"
,Atlanta, GA ","$5,000+",
"
Centurysoft Private Limited ",50 - 249,2013,$50 - $99 / hr,"
,Pune, India ","$1,000+",
"
Fusion Consulting ",Oct-49,2006,$50 - $99 / hr,"
,Irving, TX ","$1,000+",
"
Caresoft Inc. Tripod Technologies, LLC ",Oct-49,1994,Undisclosed,"
,Somerset, NJ ",Undisclosed,
"
Inzata Analytics ",Oct-49,2016,Undisclosed,"
,Tampa, FL ",Undisclosed,
"
ASI Data Science ",50 - 249,2014,Undisclosed,"
,London, United Kingdom ",Undisclosed,
"
HYDATA ",50 - 249,2013,$100 - $149 / hr,"
,Beijing, China ","$5,000+",
"
Lynchpin Analytics Limited ",Oct-49,2005,$100 - $149 / hr,"
,Edinburgh, United Kingdom ","$5,000+",
"
Decentrix ",Oct-49,2001,$100 - $149 / hr,"
,Denver, CO ","$5,000+",
"
Ness Technologies | נס טכנולוגיות ","1,000 - 9,999",1999,$100 - $149 / hr,"
,Tel Aviv, Israel ","$10,000+",
"
Applied Analysis ",Oct-49,1997,Undisclosed,"
,Las Vegas, NV ",Undisclosed,
"
Atlas HANA LLC ",50 - 249,2003,Undisclosed,"
,Princeton, NJ ",Undisclosed,
"
Visionsoft Global ",50 - 249,2005,Undisclosed,"
,Princeton, NJ ",Undisclosed,
"
Maticmind S.p.A. ",250 - 999,2008,$150 - $199 / hr,"
,Vimodrone, Italy ","$10,000+",
"
phData, Inc. ",50 - 249,2014,$100 - $149 / hr,"
,Minneapolis, MN ","$5,000+",
"
Climber ",50 - 249,2005,$150 - $199 / hr,"
,London, United Kingdom ","$1,000+",
"
Data to Value ",9-Feb,2013,$100 - $149 / hr,"
,London, United Kingdom ","$5,000+",
"
Big Consultancy ",9-Feb,2015,$100 - $149 / hr,"
,London, United Kingdom ","$5,000+",
"
Akira Technologies ",Oct-49,2003,< $25 / hr,"
,Washington, DC ",Undisclosed,
"
Informatic Technologies, Inc. ",250 - 999,1996,Undisclosed,"
,North Brunswick, NJ ",Undisclosed,
"
Scalable Systems ",Oct-49,2005,Undisclosed,"
,Piscataway, NJ ",Undisclosed,
"
Baanyan Software Services, Inc. ",50 - 249,2009,Undisclosed,"
,Edison, NJ ",Undisclosed,
"
Datanomics ",Oct-49,1982,Undisclosed,"
,Bridgewater, NJ ",Undisclosed,
"
A2 Consulting ",50 - 249,2010,$25 - $49 / hr,"
,Minsk, Belarus ","$5,000+",
"
Comlinkdata ",50 - 249,2010,Undisclosed,"
,Boston, MA ",Undisclosed,
"
Couse5 Intelligence ",250 - 999,2000,Undisclosed,"
,Redmond, WA ",Undisclosed,
"
Transwarp ",50 - 249,2013,$50 - $99 / hr,"
,Shanghai, China ","$5,000+",
"
HanSight ",50 - 249,2014,$25 - $49 / hr,"
,Beijing, China ","$5,000+",
"
Counect ",50 - 249,2010,$50 - $99 / hr,"
,Beijing, China ","$5,000+",
"
Barrachd ",50 - 249,2007,$100 - $149 / hr,"
,Edinburgh, United Kingdom ","$1,000+",
"
Nuvento LLC ",50 - 249,2007,$25 - $49 / hr,"
,Overland Park, KS ","$5,000+",
"
Analytics8 Australia ",50 - 249,2002,Undisclosed,"
,The Rocks, Sydney, Australia ",Undisclosed,
"
Kyra Solutions ",50 - 249,1997,Undisclosed,"
,Lakeland, FL ",Undisclosed,
"
Zizo ",Oct-49,2002,$50 - $99 / hr,"
,Milton Keynes, United Kingdom ","$1,000+",
"
Cyient Insights ",50 - 249,2013,$50 - $99 / hr,"
,Troy, MI ","$1,000+",
"
Ducen ",50 - 249,2004,$50 - $99 / hr,"
,Grand Island, NY ","$25,000+",
"
R Square Inc. ",Oct-49,1997,Undisclosed,"
,Princeton, NJ ",Undisclosed,
"
Comptech Associates Inc. ",Oct-49,1998,Undisclosed,"
,Somerset, NJ ",Undisclosed,
"
DATATOM ",50 - 249,2011,$50 - $99 / hr,"
,Shanghai, China ","$5,000+",
"
Appsilan Asia Pte Ltd ",Oct-49,2013,Undisclosed,"
,Singapore, Singapore ",Undisclosed,
"
WebiusSoft ",Oct-49,2011,$50 - $99 / hr,"
,NYC, NY ","$10,000+",
"
BluePatagon ",Oct-49,2008,$100 - $149 / hr,"
,Buenos Aires, Argentina ","$10,000+",
"
Black Lake Technologies ",50 - 249,2015,$50 - $99 / hr,"
,Shanghai, China ","$5,000+",
"
Audaque Data ",50 - 249,2011,$50 - $99 / hr,"
,Guangzhou, China ","$5,000+",
"
Mitchelle Madison Group | Management Consulting ",250 - 999,1992,Undisclosed,"
,Jackson, WY ",Undisclosed,
"
Business Data Prospects ",Oct-49,2009,$150 - $199 / hr,"
,Sheffield, United Kingdom ","$10,000+",
"
PredictX ",50 - 249,2014,Undisclosed,"
,London, United Kingdom ",Undisclosed,
"
IBT (Integrated Business Technologies) ",Oct-49,1997,Undisclosed,"
,Sydney, Australia ",Undisclosed,
"
Knowledge Solutions, LLC ",50 - 249,2001,Undisclosed,"
,Gladstone, NJ ",Undisclosed,
"
WebRadar ",50 - 249,2008,Undisclosed,"
,Rio de Janeiro, Brazil ",Undisclosed,
"
Oncase ",Oct-49,2007,Undisclosed,"
,Recife, Brazil ",Undisclosed,
"
ADVANCE.AI ",Oct-49,2015,$50 - $99 / hr,"
,Beijing, China ","$5,000+",
"
Info Alchemy Corporation ",50 - 249,2001,Undisclosed,"
,Pasig City, Philippines ",Undisclosed,
"
Mashey ",Oct-49,2015,$100 - $149 / hr,"
,Denver, CO ","$5,000+",
"
Clear Peak ",Oct-49,2000,$100 - $149 / hr,"
,Greenwood Village, CO ","$5,000+",
"
emagine Consulting ","1,000 - 9,999",1994,$50 - $99 / hr,"
,London, United Kingdom ","$1,000+",
"
Pernix ",Oct-49,2015,Undisclosed,"
,Adelaide, Australia ",Undisclosed,
"
ProArch ",50 - 249,2006,Undisclosed,"
,Marietta, GA ",Undisclosed,
"
Zoox Smart Data ",50 - 249,2010,Undisclosed,"
,Atlanta, GA ",Undisclosed,
"
Ana-Data Consulting ",50 - 249,1993,Undisclosed,"
,Jersey City, NJ ",Undisclosed,
"
Acumen Analytics ",9-Feb,2004,$100 - $149 / hr,"
,Plymouth Meeting, PA ","$5,000+",
"
Onepoint ",Oct-49,2005,$100 - $149 / hr,"
,London, United Kingdom ","$5,000+",
"
Dufrain ",50 - 249,2010,$50 - $99 / hr,"
,Edinburgh, United Kingdom ","$1,000+",
"
Miro ",50 - 249,2000,$25 - $49 / hr,"
,Las Condes, Chile ","$5,000+",
"
Eyecademy ",Oct-49,2008,$100 - $149 / hr,"
,Glasgow, United Kingdom ","$5,000+",
"
Agile iSS ",50 - 249,2012,$100 - $149 / hr,"
,, ",Undisclosed,
"
Spectra Group Inc. ",9-Feb,2009,Undisclosed,"
,Princeton, NJ ",Undisclosed,
"
Acer Innovation ",50 - 249,2015,$150 - $199 / hr,"
,Schaumburg, IL ","$250,000+",
"
Teqniksoft ",50 - 249,2008,$25 - $49 / hr,"
,Minsk, Belarus ","$10,000+",
"
Videre Analytics Ltd ",9-Feb,2013,$25 - $49 / hr,"
,Edmonton, Canada ","$5,000+",
"
X-Byte Enterprise Crawling | Web Scraping & Data Extraction Company ",50 - 249,2012,$25 - $49 / hr,"
,Ahmedabad, India ","$1,000+",
"
CQ Infotech ",50 - 249,2005,Undisclosed,"
,Cerritos, CA ",Undisclosed,
"
InfoCentric ",50 - 249,2009,Undisclosed,"
,Melbourne, Australia ",Undisclosed,
"
Data Solutions Incorporated ",9-Feb,1985,Undisclosed,"
,Lexington, KY ",Undisclosed,
"
Yotabites Consulting ",9-Feb,2014,Undisclosed,"
,Lenexa, KS ",Undisclosed,
"
Diligent Global ",250 - 999,2010,Undisclosed,"
,Wilmington, DE ",Undisclosed,
"
jaccomo ",9-Feb,2000,Undisclosed,"
,Shrewsbury, NJ ",Undisclosed,
"
Applied Business Intelligence Group ",Oct-49,2007,$50 - $99 / hr,"
,Jacksonville, FL ","$1,000+",
"
Sthenica ",9-Feb,2013,$50 - $99 / hr,"
,Telford, United Kingdom ","$1,000+",
"
Data Pathfinders ",9-Feb,2014,$150 - $199 / hr,"
,Bournemouth, United Kingdom ","$10,000+",
"
Buffalo Data & Media ",Oct-49,2013,$150 - $199 / hr,"
,Ipswich, United Kingdom ","$10,000+",
"
Workcentric Solutions Consulting Inc ",50 - 249,2003,$50 - $99 / hr,"
,Pasig, Philippines ","$100,000+",
"
agileBRICK LLC ",9-Feb,2011,Undisclosed,"
,East Brunswick, NJ ",Undisclosed,
"
Comsense Technologies ",Oct-49,2014,< $25 / hr,"
,Pune, India ","$5,000+",
"
Akira Consultancy ",Oct-49,2013,$25 - $49 / hr,"
,Bengaluru, India ","$1,000+",
"
Atyeti Inc ",250 - 999,2008,Undisclosed,"
,Princeton, NJ ",Undisclosed,
"
KVRA Tech Inc ",9-Feb,2012,Undisclosed,"
,Piscataway, NJ ",Undisclosed,
"
Simple&Smart Technologies, Inc. ",250 - 999,2005,$100 - $149 / hr,"
,Beijing, China ","$5,000+",
"
STRATALYCS Technologies Pvt Ltd ",50 - 249,2017,$25 - $49 / hr,"
,Hyderabad, India ","$10,000+",
"
eProSoft America Inc. ",50 - 249,1999,Undisclosed,"
,Princeton, NJ ",Undisclosed,
"
Metis Pvt. International ",50 - 249,2015,$25 - $49 / hr,"
,Islamabad, Pakistan ","$10,000+",
"
Affecto ",50 - 249,1983,$25 - $49 / hr,"
,Vilnius, Lithuania ","$5,000+",
"
Experfy Inc ",Oct-49,2014,$100 - $149 / hr,"
,Boston, MA ","$5,000+",
"
Allied Market Research ",250 - 999,2013,Undisclosed,"
,Portland, OR ",Undisclosed,
"
Cogent Communications ",250 - 999,1999,Undisclosed,"
,Washington, DC ",Undisclosed,
"
Yimian Data ",50 - 249,2014,$50 - $99 / hr,"
,Shenzhen, China ","$5,000+",
"
Deepen ",Oct-49,2016,Undisclosed,"
,Florianópolis, Brazil ",Undisclosed,
"
PREDMAC TECHNOLOGIES PRIVATE LIMITED ",Oct-49,2016,$50 - $99 / hr,"
,thrissur, India ","$1,000+",
"
Commercial Mail Service ",50 - 249,1981,Undisclosed,"
,Little Rock, AR ",Undisclosed,
"
Nakala Analytics ",9-Feb,2017,Undisclosed,"
,Nairobi, Kenya ",Undisclosed,
"
Bi Solutions S.A ",Oct-49,2012,Undisclosed,"
,Quito, Ecuador ",Undisclosed,
"
Nashua Data Solutions ",9-Feb,2004,Undisclosed,"
,Nashua, NH ",Undisclosed,
"
Advanced Analytics and Research Lab ",9-Feb,2017,$50 - $99 / hr,"
,Torionto, Canada ","$5,000+",
"
GAVS Technologies ","1,000 - 9,999",1998,Undisclosed,"
,, ","$10,000+",
"
Data Innovations ",50 - 249,1989,Undisclosed,"
,South Burlington, VT ",Undisclosed,
"
MagnusSoL LLC ",50 - 249,2014,Undisclosed,"
,Morgantown, WV ",Undisclosed,
"
Saama ",250 - 999,1997,Undisclosed,"
,Campbell, CA  ",Undisclosed,
"
Bibrainia ",9-Feb,2018,$50 - $99 / hr,"
,Madurai, India ","$5,000+",
"
Busigence Technologies ",Oct-49,2012,$50 - $99 / hr,"
,Bengaluru, India ","$5,000+",
"
Vizyble ",9-Feb,2018,$50 - $99 / hr,"
,Katowice, Poland ","$5,000+",
"
Teknuvo Inc ",9-Feb,2009,$200 - $300 / hr,"
,BROOKLINE, MA ","$100,000+",
"
SightSpectrum ",50 - 249,2018,< $25 / hr,"
,Mount Laurel, NJ ","$1,000+",
"
SmarTek21 ",50 - 249,2006,$25 - $49 / hr,"
,Kirkland, WA ","$5,000+",
"
IBISA ",Oct-49,2015,Undisclosed,"
,, ","$1,000+",
"
LEROI Consulting ",Oct-49,2013,Undisclosed,"
,Berlin, Germany ","$25,000+",
"
Hogart Business Intelligence ",Oct-49,2009,$50 - $99 / hr,"
,Warszawa, Poland ","$1,000+",
"
FastWeb ",250 - 999,2006,$25 - $49 / hr,"
,Beijing, China ","$1,000+",
"
FreshDataLabs ",Oct-49,2018,< $25 / hr,"
,Chennai, India ","$1,000+",
"
DB Whiz ",9-Feb,2014,Undisclosed,"
,Singapore, Singapore ",Undisclosed,
"
D1 Insights ",9-Feb,2018,$100 - $149 / hr,"
,Chartridge, United Kingdom ","$5,000+",
"
Vixtel ",250 - 999,2006,$100 - $149 / hr,"
,Beijing, China ","$5,000+",
"
DataEntryIndia.in ",250 - 999,1999,< $25 / hr,"
,Laguna Beach, CA ","$50,000+",
"
RCI Technologies Inc. ",Oct-49,1983,Undisclosed,"
,Iselin, NJ ",Undisclosed,
"
Listbroker.com ",9-Feb,1982,$150 - $199 / hr,"
,Bristol, United Kingdom ","$10,000+",
"
Radicalbit ",Oct-49,2015,$100 - $149 / hr,"
,Milan, Italy ","$100,000+",
"
INGIMA ",250 - 999,2011,$100 - $149 / hr,"
,Paris, France ","$10,000+",
"
CyberVision, Inc, LLC ",250 - 999,1992,$50 - $99 / hr,"
,North Miami Beach, FL ","$25,000+",
"
ATREVIA Portugal ",250 - 999,1988,Undisclosed,"
,Lisbon, Portugal ",Undisclosed,
"
Outsource Bigdata ",Oct-49,2012,< $25 / hr,"
,Sanford, NC ","$1,000+",
"
Mnemo ",250 - 999,2001,Undisclosed,"
,Madrid, Spain ",Undisclosed,
"
Infogain ","1,000 - 9,999",1990,$100 - $149 / hr,"
,Los Gatos, CA ","$5,000+",
"
Knowledgent ",250 - 999,2009,$100 - $149 / hr,"
,Warren, NJ ","$10,000+",
"
MovingBI ",9-Feb,2015,$25 - $49 / hr,"
,, Argentina ","$1,000+",
"
SINNET ",250 - 999,1999,$50 - $99 / hr,"
,Beijing, China ","$5,000+",
"
armely ",9-Feb,2016,$100 - $149 / hr,"
,Frisco, TX ","$5,000+",
"
Transparent Data ",Oct-49,2013,Undisclosed,"
,Poznań, Poland ","$1,000+",
"
Crew Data Systems ",9-Feb,2018,Undisclosed,"
,Piscataway, NJ ",Undisclosed,
"
Venstar Technology Inc ",50 - 249,2007,Undisclosed,"
,Arlington Heights, IL ",Undisclosed,
"
I-Business Network ",Oct-49,1999,$100 - $149 / hr,"
,Marietta, GA ","$5,000+",
"
WIT Inc. ",Oct-49,1996,$100 - $149 / hr,"
,Troy, MI ","$5,000+",
"
MindStream Analytics ",Oct-49,2009,$100 - $149 / hr,"
,Boston, MA ","$5,000+",
"
Forrards ",Oct-49,2008,< $25 / hr,"
,, Russia ","$1,000+",
"
Sikich ","1,000 - 9,999",1982,$100 - $149 / hr,"
,Naperville, IL ","$5,000+",
"
Civis Analytics ",50 - 249,2013,$100 - $149 / hr,"
,Chicago, IL ","$10,000+",
"
FluentPro Software Corporation ",Oct-49,2009,$50 - $99 / hr,"
,Redmond, WA ","$5,000+",
"
QStride ",9-Feb,2012,$100 - $149 / hr,"
,Detroit, MI ","$5,000+",
"
Beyondsoft ","1,000 - 9,999",1995,$100 - $149 / hr,"
,Beijing, China ","$5,000+",
"
West Monroe Partners ","1,000 - 9,999",2002,$100 - $149 / hr,"
,Chicago, IL ","$5,000+",
"
Inspur Group Co., Ltd. ","1,000 - 9,999",1989,$100 - $149 / hr,"
,Jinan, China ","$5,000+",
"
ParentLink - Blackboard ",50 - 249,1989,Undisclosed,"
,Provo,, UT ",Undisclosed,
"
Keystone Solutions ",Oct-49,2008,Undisclosed,"
,Atlanta, GA ",Undisclosed,
"
Fremint ",Oct-49,2017,$50 - $99 / hr,"
,Warsaw, Poland ","$10,000+",
"
Noesis ",9-Feb,1995,Undisclosed,"
,Lisbon, Portugal ",Undisclosed,
"
AssessFirst ",Oct-49,2002,Undisclosed,"
,Sentier, France ",Undisclosed,
"
Baifendian - Percent ",250 - 999,2009,$100 - $149 / hr,"
,Beijing, China ","$5,000+",
"
BRQ ","1,000 - 9,999",1993,Undisclosed,"
,SÃO PAULO, Brazil ",Undisclosed,
"
Analytic Partners ",50 - 249,2000,$100 - $149 / hr,"
,New York, ","$10,000+",
"
DataClarity Corporation ",50 - 249,1999,$100 - $149 / hr,"
,Raleigh, ","$10,000+",
"
Digital Lumens ",50 - 249,2008,Undisclosed,"
,Boston, MA ",Undisclosed,
"
Aquila Insight ",50 - 249,2011,$150 - $199 / hr,"
,Edinburgh, United Kingdom ","$10,000+",
"
AnswerRocket ",Oct-49,2013,Undisclosed,"
,Atlanta, GA ",Undisclosed,
"
NuWare ",Oct-49,1994,Undisclosed,"
,Iselin, NJ ",Undisclosed,
"
ABBE Technology Solutions, Inc. ",9-Feb,1999,Undisclosed,"
,Makati City, Philippines ",Undisclosed,
"
Cage Data ",9-Feb,2007,Undisclosed,"
,Wallingford, CT ",Undisclosed,
"
RAYVEN IT SOLUTIONS ",9-Feb,2009,Undisclosed,"
,Edison, NJ ",Undisclosed,
"
SAVORTEX ",Oct-49,2008,Undisclosed,"
,London, United Kingdom ",Undisclosed,
"
ExistBI ",Oct-49,2008,$100 - $149 / hr,"
,Los Angeles, CA ","$10,000+",
"
Soothsayer Analytics ",Oct-49,2014,$100 - $149 / hr,"
,Livonia, MI ","$5,000+",
"
Bisend ",Oct-49,2010,Undisclosed,"
,Chicago, IL ",Undisclosed,
"
XDuce ",Oct-49,2006,Undisclosed,"
,Edison, NJ ",Undisclosed,
"
Caura & Co. ",9-Feb,2016,Undisclosed,"
,Seattle, WA ","$10,000+",
"
EngineRoom.io® ",9-Feb,2011,$100 - $149 / hr,"
,Alexandria, Australia ",Undisclosed,
"
Techvantage ",Oct-49,2010,Undisclosed,"
,Kerala, India ",Undisclosed,
"
Datalere ",Oct-49,2009,$100 - $149 / hr,"
,Centennial, CO ","$5,000+",
"
Novedea Systems ",Oct-49,2005,$100 - $149 / hr,"
,Plano, TX ","$5,000+",
"
Hertzian ",Oct-49,2015,Undisclosed,"
,Truro, United Kingdom ",Undisclosed,
"
AVORA ",Oct-49,2014,Undisclosed,"
,London, United Kingdom ",Undisclosed,
"
Nezaboodka Software ",Oct-49,2011,$25 - $49 / hr,"
,Minsk, Belarus ","$50,000+",
"
SSA Data ",Oct-49,2007,$25 - $49 / hr,"
,Kharkiv, Ukraine ","$5,000+",
"
Fierce Solution LLC ",9-Feb,2017,Undisclosed,"
,Jersey City, NJ ",Undisclosed,
"
Northdoor ",50 - 249,1989,$50 - $99 / hr,"
,London, United Kingdom ","$1,000+",
"
Viewnext ","1,000 - 9,999",1991,Undisclosed,"
,Madrid, Spain ",Undisclosed,
"
BRM S.A. ","1,000 - 9,999",2005,$100 - $149 / hr,"
,Bogotá, Colombia ","$5,000+",
"
Cardinal Operations ",Oct-49,2016,$50 - $99 / hr,"
,Beijing, China ","$5,000+",
"
YVOLV ",Oct-49,2015,Undisclosed,"
,Dubai, United Arab Emirates ",Undisclosed,
"
Bluemetrix ",Oct-49,2001,Undisclosed,"
,Cork, Ireland ","$1,000+",
"
Chasm Partners ",Oct-49,2015,Undisclosed,"
,Norwalk, CT ",Undisclosed,
"
VLDB Solutions ",Oct-49,2007,$100 - $149 / hr,"
,Liverpool, United Kingdom ","$1,000+",
"
The Ricker Lyman Robotic Company Inc. ",Oct-49,2014,$50 - $99 / hr,"
,Beacon, NY ","$50,000+",
"
Cohesion Medical ",Oct-49,2012,Undisclosed,"
,Glasgow, United Kingdom ",Undisclosed,
"
Appsilon Data Science ",Oct-49,2013,$100 - $149 / hr,"
,Warsaw, Poland ","$25,000+",
"
Asentti ",Oct-49,2005,Undisclosed,"
,Mexico City, Mexico ",Undisclosed,
"
Clade Solutions ",Oct-49,2013,Undisclosed,"
,Sydney, Australia ",Undisclosed,
"
Datashapa ",Oct-49,2016,$50 - $99 / hr,"
,London, United Kingdom ","$1,000+",
"
CST ",Oct-49,1997,$100 - $149 / hr,"
,Svilengrad, Bulgaria ","$10,000+",
"
Emana ",9-Feb,2018,$100 - $149 / hr,"
,Ilha Solteira, Brazil ","$10,000+",
"
Tezign ",50 - 249,2015,$100 - $149 / hr,"
,Shanghai, China ","$5,000+",
"
MeritGroup ","1,000 - 9,999",2003,Undisclosed,"
,London, United Kingdom ",Undisclosed,
"
eTERA ",50 - 249,2004,$100 - $149 / hr,"
,Washington, DC ","$10,000+",
"
QueBIT ",50 - 249,2001,$100 - $149 / hr,"
,Scarsdale, NY ","$10,000+",
"
PT NEC Indonesia ",250 - 999,1968,Undisclosed,"
,Jakarta, Indonesia ",Undisclosed,
"
Peking University Founder Group Co., Ltd. ",250 - 999,1986,$100 - $149 / hr,"
,Beijing, China ","$5,000+",
"
dataxu ",250 - 999,2009,Undisclosed,"
,Boston, MA ",Undisclosed,
"
Redis Labs ",250 - 999,2011,Undisclosed,"
,Mountain View, CA ",Undisclosed,
"
Cybereason ",250 - 999,2012,$150 - $199 / hr,"
,Boston, MA ","$10,000+",
"
GYANA ",Oct-49,2015,Undisclosed,"
,London, United Kingdom  ",Undisclosed,
"
Corexpert ",Oct-49,2006,$100 - $149 / hr,"
,Lyon, France ","$5,000+",
"
SMART CONSULTING SOLUTIONS ",Oct-49,2006,Undisclosed,"
,Singapore, Singapore ","$5,000+",
"
Synergy Systech LLC ",Oct-49,2010,Undisclosed,"
,Parsippany, NJ ",Undisclosed,
"
CLPS ","1,000 - 9,999",2005,$25 - $49 / hr,"
,Shanghai, China ","$5,000+",
"
Basefarm AS ",250 - 999,2000,$100 - $149 / hr,"
,Oslo, Norway ","$5,000+",
"
uData ",Oct-49,2018,$25 - $49 / hr,"
,Sydney, Australia ","$5,000+",
"
WATRIX ",50 - 249,2016,$50 - $99 / hr,"
,Beijing, China ","$5,000+",
"
Intersys Consulting ",50 - 249,1993,$100 - $149 / hr,"
,Austin, TX ","$5,000+",
"
Convergence Consulting Group ",50 - 249,2002,$100 - $149 / hr,"
,Alpharetta, GA ","$5,000+",
"
Klika ",50 - 249,2013,$25 - $49 / hr,"
,Sarajevo, Bosnia and Herzegovina ","$5,000+",
"
e-Business International Inc ",50 - 249,1999,Undisclosed,"
,Princeton, NJ ",Undisclosed,
"
Absolutdata Analytics ",250 - 999,2001,$100 - $149 / hr,"
,Alameda, CA ","$10,000+",
"
Q3 Technologies ",250 - 999,1991,Undisclosed,"
,Walpole, MA ",Undisclosed,
"
Nortal ",250 - 999,2000,$25 - $49 / hr,"
,Tallinn, Estonia ","$5,000+",
"
Brand PDQ ",Oct-49,2013,Undisclosed,"
,Florence, AL ",Undisclosed,
"
LogicAI ",Oct-49,2018,$50 - $99 / hr,"
,Warsaw, Poland ","$10,000+",
"
Alestra ","1,000 - 9,999",1996,Undisclosed,"
,México, Mexico ",Undisclosed,
"
CDS Global Cloud ",50 - 249,2005,$25 - $49 / hr,"
,Dallas, TX ","$1,000+",
